window_time,mean_rel_Delta,mean_rel_Theta,mean_rel_Alpha,mean_rel_Beta,mean_rel_Gamma,std_rel_Delta,std_rel_Theta,std_rel_Alpha,std_rel_Beta,std_rel_Gamma,ratio_theta_alpha,ratio_alpha_beta,ratio_delta_alpha,ratio_theta_beta,ratio_delta_beta,ratio_gamma_alpha,frontal_alpha_asymm,frontal_theta_mean,occipital_alpha_mean,predicted_level,level_name,confidence,prob_L0,prob_L1,prob_L2,prob_L3
2025-11-14 11:50:32.650,0.35138736838359086,0.18885402166955173,0.1897529405965366,0.17452721429146315,0.09547845384483601,0.23117659973466242,0.07428849681266389,0.07008608460342476,0.09567233912603988,0.02686002826063416,0.995262635315241,1.0872397780167884,1.8518150430805709,1.0820891837147575,2.013367082471721,0.5031724331277866,0.1586210000438062,0.16684233891925362,0.17879321198682174,0,Baseline,0.9056,0.9056,0.0111,0.0675,0.0158
2025-11-14 11:50:33.643,0.2886214246992699,0.15439915222629758,0.21635717849035854,0.22108576454016876,0.11953647853831455,0.15102850887777747,0.015248495912724168,0.0739001756360253,0.12891897033099955,0.03424621409658766,0.7136307940754093,0.9786119389198825,1.3340043227273293,0.69836764734153,1.3054726171304643,0.5524959876414802,0.08401789038544472,0.1439643421775762,0.24014632545886244,0,Baseline,0.9125,0.9125,0.0064,0.0713,0.0097
2025-11-14 11:50:34.611,0.30854673953658507,0.15412263444722435,0.18855477814767663,0.22537920304748796,0.12339664334993684,0.23468884027943895,0.01383460746610493,0.049357044069567514,0.1514995113892982,0.032051352530806966,0.8173891310917816,0.8366112189234935,1.6363771112241945,0.6838369535647919,1.3690115222452814,0.6544338892804581,0.04498766634438778,0.14569042948680838,0.20750680400750351,0,Baseline,0.9951,0.9951,0.0002,0.0024,0.0023
2025-11-14 11:50:35.592,0.37744528584601644,0.19239541200720173,0.1454229658313719,0.18632098367616512,0.09841535147322379,0.23839951548250599,0.09973075167167157,0.019521009533975533,0.12864684935467768,0.026353290729735676,1.323005604219636,0.7804969421970991,2.5954996704488473,1.0326018996098434,2.025779695561492,0.6767524245092005,0.02050856399949605,0.24621297563541705,0.12995007247541626,0,Baseline,0.9831,0.9831,0.009,0.0008,0.0071
2025-11-14 11:50:37.599,0.5395158684300496,0.25573776449291213,0.0761166977241311,0.08855755313242347,0.0400721156904964,0.6380288954497927,0.337514533578587,0.025383160807257055,0.05787425796348907,0.013962772940569263,3.3598111655036313,0.8595166243487405,7.088008461761257,2.8878139308157995,6.09226190679266,0.5264562392231849,-0.04941872426634403,0.4481418130330728,0.0580543340470054,0,Baseline,0.7142,0.7142,0.1516,0.0086,0.1256
2025-11-14 11:50:38.589,0.5452524486012689,0.2069635459314072,0.09084102263611979,0.10709841723082089,0.049844564948650846,0.47070667322195175,0.2146487636134126,0.03119135646049873,0.07066033088300636,0.016840645574802797,2.2783046375137235,0.8482012760125527,6.002270480404778,1.9324611134144372,5.091134040896126,0.548700994497853,-0.06783748903698,0.3360447752138078,0.07139019018667968,0,Baseline,0.7862,0.7862,0.1554,0.0031,0.0553
2025-11-14 11:50:39.580,0.5330648504481829,0.14946221074707636,0.11380099349202277,0.13728811705416535,0.06638382739589023,0.41524078520729696,0.09799129402396624,0.03487323783517242,0.07452289063337449,0.02723685601025199,1.3133646115656035,0.8289208683510118,4.684184094084458,1.0886754299452848,3.8828182879781634,0.5833325309872475,-0.08093435370700273,0.20015689917648816,0.09437354014109128,0,Baseline,0.9686,0.9686,0.0143,0.0013,0.0159
2025-11-14 11:50:40.586,0.47294253367475503,0.14166045010230238,0.15442711132787615,0.14404376533480362,0.08692613864968483,0.38533756089398524,0.09249412532121058,0.04396133631945952,0.04612041162072607,0.04882859220119755,0.9173288272435782,1.0720845865705642,3.0625613532652354,0.983454160188723,3.283325034875585,0.5628942500658627,-0.0865610770081508,0.11156110255728369,0.1448347942563188,0,Baseline,0.9824,0.9824,0.0048,0.0021,0.0107
2025-11-14 11:50:41.595,0.5471665761038613,0.12400960200423271,0.14293859940512132,0.11159323390063121,0.07429198788517413,0.40597105484420315,0.08125463129453664,0.053054619932284414,0.045636032258582995,0.043974187070947204,0.8675724670915232,1.2808893657791842,3.827983064764984,1.1112644248845183,4.903223143070281,0.5197475209417585,-0.08142727518370704,0.1067387771953567,0.14028063999343438,0,Baseline,0.9541,0.9541,0.0276,0.0039,0.0144
2025-11-14 11:50:42.587,0.6452288929021883,0.09590708219118978,0.11364798043602098,0.09093002573138143,0.054286018152291546,0.5507341263779582,0.04353363037211186,0.03531987304657492,0.04189419805779228,0.029161999566554794,0.8438959793590141,1.2498398303917,5.677433366192471,1.0547349005174833,7.095882979835995,0.477668086730071,-0.07885822200638097,0.11065819439420974,0.12333550639601662,0,Baseline,0.9643,0.9643,0.0103,0.0036,0.0218
2025-11-14 11:50:43.609,0.5973277474579815,0.1083983420297,0.15170987612763928,0.09140159586800582,0.051162438024142005,0.44858920785897044,0.04746097675756478,0.0645686445002912,0.046083662276258805,0.030719410972235475,0.7145107335885834,1.6598163094281448,3.9373027210331366,1.1859566470444665,6.535199702296148,0.33723865550262894,-0.12428524779156518,0.10165382571359101,0.1989692954948986,0,Baseline,0.8417,0.8417,0.0885,0.0216,0.0482
2025-11-14 11:50:44.592,0.5102356772035438,0.10996175022889823,0.2143561204997644,0.10815252731010203,0.05729392425684112,0.3791785917670018,0.06026655114054166,0.10058766390335422,0.05601516809814321,0.0380759660733184,0.5129862624993554,1.9819795802399767,2.3803176331553746,1.0167283446490831,4.717741163488035,0.26728381466516576,-0.1811755779775661,0.08254085613941455,0.291350459329395,0,Baseline,0.6497,0.6497,0.0958,0.2056,0.0488
2025-11-14 11:50:45.591,0.5336020404768916,0.09817152290911539,0.19748022219839223,0.1160877792968495,0.054658434568581014,0.37957760361769277,0.05838188829514226,0.07953942915902142,0.06296446051478398,0.03325925484877391,0.49712075895520774,1.7011282874326528,2.7020529322693188,0.8456662281515224,4.596538909983128,0.2767792703103071,-0.06841820522706252,0.07173015971473194,0.25375750363839966,0,Baseline,0.7444,0.7444,0.0675,0.1787,0.0094
2025-11-14 11:50:46.598,0.6029543937932468,0.11053252531564331,0.13664625845550152,0.09953139022021223,0.0503354316924592,0.3252460027968956,0.07076788048015271,0.07026377927893869,0.05020489011997506,0.032983849212110436,0.8088953073141395,1.3728959720567884,4.412520009571994,1.1105291904975836,6.057931391090814,0.368363016871191,0.09210628972993752,0.08872100324000944,0.15284255429860605,0,Baseline,0.4851,0.4851,0.3915,0.1038,0.0196
2025-11-14 11:50:47.589,0.615744256542408,0.10794086723326067,0.130156961889309,0.08914554687024583,0.05701236692708734,0.29625939429588866,0.054315368609416284,0.036521461224482556,0.037653630924803116,0.040755494998811016,0.8293129877441998,1.4600499055579022,4.730781975060568,1.2108384424629488,6.907178306582832,0.4380277606302417,0.045550950682758995,0.0812577352983024,0.15922788289975237,1,Relaxed,0.6684,0.3128,0.6684,0.0145,0.0043
2025-11-14 11:50:48.584,0.6480672975965388,0.09062528798931457,0.11629295645770964,0.08954061589678938,0.055473841539687214,0.45562719201005575,0.02422552074070404,0.03876005685465161,0.0347526319160078,0.032228353148150556,0.7792843432390281,1.2987731020749935,5.572712755867405,1.0121136308983976,7.237690055277761,0.47701802808392957,-0.022707803729502096,0.08328313057222553,0.1533661250740974,0,Baseline,0.9266,0.9266,0.0548,0.0053,0.0132
2025-11-14 11:50:49.587,0.6689290218772849,0.08013494647183982,0.10462053937217629,0.09781150317500298,0.04850398859309459,0.5906684342136481,0.026269129200524034,0.01737011422835218,0.04027829233043042,0.02326452063819664,0.7659579972837689,1.0696137497125793,6.3938588154191605,0.8192792839066246,6.83895995638516,0.46361817906869235,-0.0019141534023911222,0.1001073402094192,0.1218394359857719,0,Baseline,0.9888,0.9888,0.0026,0.0013,0.0073
2025-11-14 11:50:50.598,0.6476464595026639,0.06830835729212774,0.12643105074402428,0.10690102546305538,0.050713106430027674,0.7197887148828208,0.023846139820751212,0.02077895890145491,0.04876935074758651,0.026523629237312135,0.5402814537040599,1.1826924799780671,5.122526503308442,0.6389868629077486,6.058374053135231,0.4011127181215603,0.011226457846605142,0.08745350281166873,0.14383512253514813,0,Baseline,0.9945,0.9945,0.0002,0.0003,0.0049
2025-11-14 11:50:51.569,0.5928147462669306,0.07855521147290132,0.14725026403383837,0.12410815092101797,0.05727162669746592,0.6582666037647834,0.0326332959982821,0.03440738954157166,0.059487599128574674,0.028996361361046958,0.5334809187169947,1.1864672148961095,4.025899103798617,0.6329576628155307,4.77659762152302,0.3889407138509284,0.005896661448419341,0.07213504177265682,0.1814064430199867,0,Baseline,0.9961,0.9961,0.0001,0.0007,0.003
2025-11-14 11:50:52.605,0.5878665761815154,0.08278365920296402,0.13813740870382715,0.13301960473003926,0.05819275059116373,0.5643619315641352,0.044798024673268495,0.05428119696084998,0.06309784829915942,0.02807060038660654,0.5992848279614658,1.038473979827519,4.255664987065726,0.6223417453957588,4.4193976758584,0.42126710588049726,-0.010597680431122816,0.060664562760844795,0.18678197703629645,0,Baseline,0.9961,0.9961,0.0004,0.0019,0.0016
2025-11-14 11:50:53.578,0.5986496131432735,0.09833239503107426,0.12214820202703161,0.12158106000660299,0.05928872924563512,0.5111044781432,0.02092715817921733,0.04459431953791668,0.05366284735430363,0.03906425754311557,0.8050252508756586,1.0046646408063182,4.901010036976975,0.8087804707240518,4.923871891493974,0.48538352106631266,-0.05736949968493692,0.07759155220955294,0.1556237690523148,0,Baseline,0.9881,0.9881,0.003,0.0009,0.008
2025-11-14 11:50:54.580,0.5466747313665284,0.11924354033190697,0.14438170243077425,0.12406200631930615,0.06563801896926154,0.3918716934269485,0.03150744378506471,0.04479202551133809,0.04985021327198266,0.05026001794042284,0.8258908855169583,1.1637865215665208,3.78631560855492,0.9611607474200841,4.40646337682855,0.45461449282042954,-0.09713178973238673,0.10137669010300158,0.17301645664180956,0,Baseline,0.9393,0.9393,0.0302,0.005,0.0255
2025-11-14 11:50:55.577,0.511987826127792,0.10346277692546116,0.1950961088904902,0.12682725981501486,0.06262602763766838,0.3706454381431519,0.044814634841760716,0.0986685274281695,0.05057597940029435,0.04431988687026466,0.5303169407667,1.538282020696728,2.624285039802237,0.8157770570664163,4.036890700829221,0.32100088917105074,-0.04302617668184093,0.0836764052305285,0.2856157529787032,0,Baseline,0.6054,0.6054,0.063,0.3185,0.0131
2025-11-14 11:50:56.602,0.5165428706688178,0.09841834454109016,0.19935530942366908,0.1298386324721763,0.05584484236525801,0.38003243746373633,0.05340900398843795,0.13783139724818844,0.07331256355386623,0.03491709138388901,0.49368306211048185,1.5354081468187701,2.591066404258133,0.7580050335336852,3.9783446656068513,0.2801271745680224,0.011652320391282445,0.07560622366209994,0.3309546528629237,2,Focused,0.8832,0.0949,0.0177,0.8832,0.0042
2025-11-14 11:50:57.586,0.5172194156109814,0.11067514716687792,0.1817914581029312,0.13553909737307948,0.054774881260991434,0.3555194262448755,0.047061297761370455,0.1307058587557645,0.0975962362105265,0.031617760641514614,0.6088027580271981,1.3412472726601288,2.8451248070571125,0.8165550837090728,3.8160160977547544,0.30130611646734506,-0.003217611541145554,0.09871095648510636,0.30903539811995956,2,Focused,0.7569,0.1706,0.0652,0.7569,0.0074
2025-11-14 11:50:58.550,0.5094973404000738,0.13123501460693426,0.17889356705248938,0.12896270477978097,0.0514113727338781,0.26251004971328545,0.07140140156074057,0.10579171691772261,0.08523907817758289,0.029975371918409963,0.7335926575409046,1.387172775929626,2.8480471395045197,1.0176198200466973,3.9507336773275945,0.28738523529435284,-0.06526033437601472,0.10363508594017701,0.2800805135074096,2,Focused,0.4779,0.2553,0.2604,0.4779,0.0064
2025-11-14 11:50:59.589,0.5231855347120609,0.16477781925321375,0.15966992769500135,0.10615980887038694,0.04620690914358309,0.19451821431010988,0.09691246394090408,0.07588519708226052,0.06250308857582675,0.026054057628624557,1.031990252090969,1.5040523749380752,3.2766689977135237,1.5521674867813682,4.928282096551339,0.2893901620469515,-0.07880607211354976,0.1010971200658293,0.22987780837126537,1,Relaxed,0.8248,0.0508,0.8248,0.1176,0.0068
2025-11-14 11:51:00.564,0.5396318432096666,0.1876961214294336,0.1379816671481055,0.09101716375444424,0.04367320418951309,0.22801073905387678,0.09797417118664813,0.061305856509365625,0.06287153638206924,0.02486731469284962,1.3602974344772318,1.51599595391049,3.9108949417279626,2.0622055562373323,5.928901337516176,0.3165145191171691,-0.056765994090626666,0.12006040047864508,0.19579477245381183,1,Relaxed,0.9584,0.0203,0.9584,0.0133,0.008
2025-11-14 11:51:01.549,0.5427842672094784,0.19004786619195854,0.13265438604594917,0.09113234986069708,0.04338113042776271,0.2162543319248426,0.10326740220368419,0.062314763369583234,0.0645348170856984,0.026913763651942514,1.432654113672413,1.4556232961455378,4.09171714913592,2.085404860386163,5.955999252506645,0.3270236925486905,-0.06258881679823233,0.12015177909415972,0.19071306847277592,1,Relaxed,0.9712,0.0136,0.9712,0.0097,0.0055
2025-11-14 11:51:02.588,0.544956290582546,0.18469474926630272,0.1331893394522088,0.09365011844271366,0.04350950198512083,0.237039638517849,0.11504367269419126,0.0682560124142012,0.06610697938694143,0.028840203223759554,1.3867080966002856,1.422201353772638,4.091590602581088,1.9721782803456762,5.819066130975988,0.3266740333522913,-0.07606522922504738,0.10260249061230578,0.19573361205457965,1,Relaxed,0.9462,0.0274,0.9462,0.0209,0.0055
2025-11-14 11:51:03.588,0.5509775995324743,0.18399980811508837,0.1299777320950914,0.09170662478234486,0.04333823520656033,0.18735890533906488,0.1125106495969174,0.06527558798976495,0.06585516355307876,0.02849422102322113,1.4156255151783956,1.4173209212569906,4.239015008657255,2.0063958136921145,6.008045119528769,0.33342812783171893,-0.07461558521037853,0.10476635259147574,0.1896548437356961,1,Relaxed,0.9777,0.0083,0.9777,0.0114,0.0026
2025-11-14 11:51:04.563,0.517716191417862,0.21491017041202157,0.1291278817223381,0.0916134876603252,0.04663226849511541,0.12068525702484602,0.12209500403410962,0.05953758289506341,0.07413275873646347,0.029916054177737454,1.664320291654261,1.4094853380787267,4.009328925861346,2.3458352306211765,5.651090774171673,0.36113242362376774,-0.0899653972001298,0.1527093361960511,0.17530528776261634,1,Relaxed,0.9903,0.0022,0.9903,0.004,0.0035
2025-11-14 11:51:05.601,0.490351593395256,0.2442104553845514,0.1254355378863518,0.09111129151124957,0.048891121500399815,0.29459131966231406,0.15619341812914758,0.06886920690906904,0.08606795663199845,0.03390386204222651,1.9468998979923384,1.3767286363576337,3.9091916259617934,2.6803530553714965,5.381896485527781,0.38977086100581765,-0.10830868829374866,0.19370445540455677,0.15564418175323988,1,Relaxed,0.895,0.0485,0.895,0.0094,0.0471
2025-11-14 11:51:06.568,0.5032478643774164,0.22530829725954882,0.12306233467714976,0.09788665125276591,0.050494852091572597,0.2857344594362957,0.1631420519344118,0.0738504640256867,0.09065087282261525,0.036244688444496895,1.8308467781159066,1.257192073998463,4.089373282279576,2.3017262451903524,5.141128095869105,0.41031927535627793,-0.08982772429931443,0.1397916874230193,0.1555401488067579,1,Relaxed,0.8897,0.0775,0.8897,0.0213,0.0115
2025-11-14 11:51:07.544,0.5033969025086685,0.20121061180528338,0.12282720769282517,0.12009010230400437,0.05247517531476494,0.2782617650017535,0.187443390952797,0.08030200094502266,0.09391468279195368,0.04023565827428988,1.6381598116834728,1.0227920129002122,4.098414927606669,1.6754969076548534,4.191826394785401,0.4272275827821689,-0.028201995112715025,0.07852000590080825,0.17021953617105032,1,Relaxed,0.5167,0.3188,0.5167,0.1255,0.039
2025-11-14 11:51:08.525,0.5131922035928466,0.16069968663341372,0.12938571514205974,0.13641178188296124,0.06031061228703368,0.3352848487569575,0.14647449668088622,0.08639954823570195,0.09008925806847551,0.045750508507956346,1.2420202186676517,0.9484936262186942,3.9663742119108156,1.178048352090346,3.762080949960366,0.46613034181951163,0.022924250460827904,0.07684416709176103,0.18818921226101812,0,Baseline,0.8631,0.8631,0.0885,0.0419,0.0065
2025-11-14 11:51:09.557,0.4971843374873056,0.10298198169414705,0.1649840154003631,0.15101474770657425,0.08383491702302488,0.3153091892586124,0.05534532994442407,0.09404767233616211,0.08257126047173617,0.05170338548651122,0.6241936541688988,1.0925025997851912,3.0135301662133616,0.6819332312822288,3.2922897406712277,0.5081396021195661,0.021858301722147713,0.10154859346671964,0.2411491999847628,0,Baseline,0.8705,0.8705,0.0263,0.0989,0.0044
2025-11-14 11:51:10.550,0.4200069246836484,0.09566933372129688,0.20687705626515937,0.17639587330223513,0.10105081112850425,0.23104315305015835,0.034034712745218985,0.0819635098446323,0.09075136010901186,0.052384025024255314,0.4624453326241352,1.1727997977747477,2.030224675292501,0.5423558187997953,2.381047203715136,0.48845825664883014,-0.05919600182568524,0.10199427861358691,0.2833720460684509,0,Baseline,0.9239,0.9239,0.0139,0.0583,0.0039
2025-11-14 11:51:11.552,0.33103739754082,0.12525459528202054,0.2425194502247307,0.1981018110535247,0.10308674493991338,0.17160952312890934,0.039355434785754796,0.0918599631799188,0.08882971597175046,0.05138013179153427,0.5164723489238898,1.224216157807075,1.3649931318256447,0.6322738206842545,1.6710467161802502,0.425065868299344,-0.13160910397344472,0.09074770409752983,0.31155638758576154,0,Baseline,0.8918,0.8918,0.0128,0.0816,0.0138
2025-11-14 11:51:12.548,0.3507897723074525,0.12531656148450215,0.2459462925910527,0.18315313464985084,0.09479423806218024,0.19907262177650809,0.041371207696208105,0.11451529855865974,0.0769043470483854,0.04901748146977031,0.5095281375011045,1.3428450440272197,1.4262860169552065,0.6842173620555645,1.9152811871075794,0.3854265628859621,-0.08732260610499767,0.08569312911518086,0.3426597081244107,0,Baseline,0.522,0.522,0.0116,0.458,0.0083
2025-11-14 11:51:13.540,0.3940658860285027,0.13214277210773218,0.23002057690025432,0.16096272248020044,0.08280804170659108,0.2327188500970544,0.05136977005326683,0.10873153442527474,0.07282160553878242,0.04579988162367008,0.574482370854198,1.429030020526947,1.713176595794813,0.82095258990454,2.448180892288068,0.36000274072207195,-0.06826124504640078,0.0828490423819511,0.3318715508902953,2,Focused,0.536,0.4327,0.0229,0.536,0.0083
2025-11-14 11:51:14.555,0.3887283016522506,0.1367704558073327,0.2399718911632436,0.15898368499507498,0.0755456656674416,0.18503864399918096,0.057979794251233174,0.11786216178462153,0.08139512306055918,0.04684940661899197,0.5699436273344898,1.5094119630989675,1.6198909112605386,0.8602797652398858,2.445082822262325,0.31481046448038436,-0.03903999466905922,0.07901313885677338,0.34275651671667773,2,Focused,0.8619,0.1123,0.0223,0.8619,0.0035
2025-11-14 11:51:15.572,0.4129489169244691,0.11557654791091763,0.2299405717780428,0.16080197751697592,0.08073198511761663,0.2063629530442596,0.04116896333781899,0.12132959169552894,0.08269529739912358,0.058792620908691674,0.5026365812298477,1.4299610056360026,1.7958940250185185,0.7187507424229826,2.5680585377147405,0.35109933398161813,0.005529419848766232,0.07447084427574346,0.31947181962617016,2,Focused,0.8265,0.1391,0.0308,0.8265,0.0036
2025-11-14 11:51:16.547,0.4708594005387072,0.1185018993428806,0.17882992791948218,0.14747382355451027,0.08433494790648675,0.16375932554423597,0.022132028614360703,0.05930681692696132,0.0692443146909701,0.05773620912436575,0.6626513475402304,1.21262140956946,2.633000972973053,0.8035452560408226,3.1928335297845565,0.47159300555401634,-0.023854973061181894,0.09652803777442431,0.2173162111868577,0,Baseline,0.6112,0.6112,0.3439,0.0381,0.0068
2025-11-14 11:51:17.528,0.5563628086485529,0.12063948278299576,0.13146775589496737,0.11799390194167293,0.07353605010971734,0.17031760312388441,0.018210686027220518,0.026035013355880328,0.053450547761260174,0.04518711407466148,0.917635452019299,1.114191009786631,4.231933241286264,1.0224212486711228,4.715182330115266,0.5593466170899032,-0.022390480047606257,0.1108600358522767,0.14851310038117932,1,Relaxed,0.8142,0.1803,0.8142,0.002,0.0035
2025-11-14 11:51:18.571,0.5434012996666155,0.10429234805714674,0.14041829843369427,0.1371367074373951,0.07475134577434563,0.2239757066520142,0.021413318533893763,0.056371576338221915,0.07792066524110562,0.04373980830149997,0.7427261389236415,1.0239292660464714,3.8698749880127665,0.7604990844611526,3.9624785383585266,0.532347573533428,-0.008430127169286608,0.08433261815624948,0.19667893132479838,0,Baseline,0.7277,0.7277,0.2506,0.0188,0.0029
2025-11-14 11:51:19.553,0.45193857867143866,0.09412181567386656,0.1969929112427309,0.1726436218046067,0.08430307191972125,0.30149588749105466,0.05007458045822993,0.10995568874196815,0.11162315366644229,0.04868768643426198,0.47779288250612545,1.1410378082504777,2.294186896769598,0.5451797711275619,2.6177541212926423,0.4279497526504753,-0.03635675685989377,0.04941692132161646,0.30315220697855383,0,Baseline,0.7865,0.7865,0.0109,0.2017,0.0009
2025-11-14 11:51:20.554,0.5077724484813697,0.09786706943636572,0.17851569522450217,0.14319838941855226,0.07264639686052624,0.3287850950295612,0.05581795624481434,0.08214793348491031,0.09222785392190944,0.042690028896487556,0.5482266633811722,1.2466319173213771,2.84441331278272,0.6834368947819848,3.545936620403207,0.4069468104734303,-0.03460136421577817,0.04258379783013853,0.25727941381063824,0,Baseline,0.883,0.883,0.0291,0.0863,0.0016
2025-11-14 11:51:21.573,0.5716603321565278,0.10238200022058185,0.14244010721375244,0.12397963609509485,0.05953792380093477,0.33010701546097043,0.04307970172839344,0.05341731337633944,0.07712039602413144,0.03414006999708141,0.7187722266960966,1.14889912739788,4.013337979065736,0.825796842023995,4.610920825810819,0.41798564172472086,-0.03665676903909296,0.06268517218469072,0.19412757726924945,0,Baseline,0.8839,0.8839,0.0972,0.0161,0.0029
2025-11-14 11:51:22.568,0.5709569111613204,0.10367215791089732,0.1413958327381803,0.13323450105116247,0.05074059662213,0.3373066521051433,0.04691725689116964,0.05976600270411515,0.08209556411256784,0.028134993126469013,0.7332051346294874,1.0612553130763835,4.038003523332361,0.778117899731601,4.285352996432517,0.3588549397176075,-0.06408796182930143,0.09537690075279982,0.19610133596962853,0,Baseline,0.8857,0.8857,0.0916,0.0183,0.0043
2025-11-14 11:51:23.541,0.5392194779129249,0.10208589387633968,0.1681589224262987,0.14110899450772466,0.04942671075848548,0.33021480530912817,0.04239775028042903,0.08437802899933367,0.09214466979757246,0.02659862189722681,0.6070798167149536,1.1916951934636693,3.206606215517311,0.723454142650062,3.821297441605909,0.29392854750756936,-0.03531744535000625,0.0971945793677805,0.2512986341392248,0,Baseline,0.7133,0.7133,0.0977,0.1801,0.009
2025-11-14 11:51:24.566,0.5426533433092516,0.08300984214797068,0.19057302173758778,0.1284193797929749,0.05534441250232381,0.39383515425001686,0.023459861626290494,0.11185578850974093,0.08036992978003454,0.029414058243136223,0.43558021505515143,1.4839894664256763,2.8474823450175566,0.6463964848438462,4.225634027572191,0.2904105161035119,0.006355427440012204,0.06797451631664406,0.2950155236197136,2,Focused,0.5969,0.3031,0.0909,0.5969,0.0091
2025-11-14 11:51:25.530,0.5661230284515605,0.06832350386511107,0.19012489937458402,0.1162906245019557,0.05913794331828546,0.5185361705602097,0.018180520854204026,0.12237433417586042,0.06997212286932711,0.03361811884750401,0.35936113836877703,1.6349115316881915,2.9776373349174627,0.5875237000616937,4.868173872093198,0.3110478448764013,-0.017456092243306562,0.05360455661228357,0.29225077080956874,0,Baseline,0.5962,0.5962,0.0456,0.3517,0.0065
2025-11-14 11:51:41.424,0.43464934079181944,0.18717057020838163,0.16928420486489099,0.1295090036796333,0.07938687956221638,0.3519699086623564,0.17200995473057953,0.08530700025611145,0.04729116711261838,0.03487214579270674,1.105658731133119,1.307122956581614,2.5675715904091914,1.4452319949821086,3.3561319667448966,0.46895618487273955,-0.06440337524712328,0.08086542217784269,0.22119801895205665,0,Baseline,0.9549,0.9549,0.0208,0.0143,0.01
2025-11-14 11:51:42.445,0.4281875524016369,0.14618104593252304,0.1977701493920998,0.14826208464181845,0.07959916684913272,0.23407858858071792,0.10340519297831569,0.09194597258785508,0.08234874114301008,0.0527696650017055,0.7391461198284418,1.3339225367743943,2.1650766410756175,0.9859637170625241,2.8880446714049284,0.40248320117555825,-0.07508307011246103,0.0746726133395138,0.2748702307508608,0,Baseline,0.7626,0.7626,0.0735,0.1569,0.0071
2025-11-14 11:51:43.452,0.3775821122904701,0.13305753918510324,0.22515167867733088,0.17330922520768913,0.09089944383902278,0.09662897099129725,0.032596471477492776,0.09055354476386554,0.10626868088254564,0.06073741154300186,0.5909684265161809,1.2991326077200396,1.677012126840364,0.7677463871192477,2.1786612342844043,0.40372534788887365,-0.09911957375967273,0.10566948247737991,0.30850055990926306,0,Baseline,0.4167,0.4167,0.2998,0.2743,0.0092
2025-11-14 11:51:44.401,0.36042261026236133,0.13614948996430887,0.24743023070751685,0.16375271432041874,0.09224495397553382,0.17913003674518485,0.03514397727081765,0.10023177757571625,0.095320032504672,0.0642458822690606,0.5502540416037864,1.510999171063343,1.4566635397182952,0.8314334343403168,2.2010174899876116,0.37281196393683763,-0.12732007605435747,0.11375569770025794,0.33676000327739936,0,Baseline,0.5563,0.5563,0.0889,0.3278,0.027
2025-11-14 11:51:45.434,0.33455604954486057,0.12087059248211424,0.30655915586976307,0.14961387997226408,0.08840032139388149,0.2427955796316562,0.05212689829256124,0.17945700102929746,0.08349842472488025,0.06302349152842314,0.394281450170256,2.049001973858136,1.0913261999381598,0.807883496007768,2.236129610739228,0.2883630021078443,-0.13791259223695249,0.08610217565844086,0.4530565178541508,2,Focused,0.9801,0.0175,0.001,0.9801,0.0014
2025-11-14 11:51:46.415,0.3349634392627065,0.1025483736137632,0.32775175091488157,0.16278853127713638,0.07194790425966825,0.29570407471428806,0.05332563765626184,0.22452748171133427,0.09540115450501742,0.05094359895479309,0.31288427963746446,2.0133588540295757,1.022003477045232,0.6299483539150437,2.057659812139075,0.21951950481923851,-0.09691893780193292,0.06425303959875131,0.5177617485680588,2,Focused,1.0,0.0,0.0,1.0,0.0
2025-11-14 11:51:47.399,0.37187563953040803,0.1160366487929299,0.2991881057152673,0.1674591938586164,0.04544041157077728,0.2548682223611033,0.08728913240435619,0.20713805934687501,0.1195679817219558,0.027881475484648654,0.38783842906166827,1.7866327966533742,1.2429492349365785,0.6929248803242736,2.220693941936913,0.15187906599212053,-0.046692270766884314,0.061928580903465945,0.5037264737011884,2,Focused,1.0,0.0,0.0,1.0,0.0
2025-11-14 11:51:48.431,0.38232134800964923,0.14096941299427448,0.28505777477739963,0.1500722184057487,0.041579245320957935,0.2370068973415038,0.13789745391797903,0.20599668298838547,0.11921278106311718,0.020915481093992723,0.49452925168964207,1.8994705269964538,1.3412064796202716,0.9393437712748356,2.5475822680261073,0.1458625146947907,-0.055328610552452806,0.05700807385599764,0.48298363336796424,2,Focused,0.9999,0.0,0.0,0.9999,0.0001
2025-11-14 11:51:49.466,0.40664719692450746,0.16426239527577408,0.2355205076875409,0.13244778793450745,0.061122111603370624,0.2828627292500688,0.17213968589742695,0.1686919269805195,0.0882384928682732,0.036865474136527056,0.6974440990899011,1.778213842437763,1.7265892624437758,1.2402048039862335,3.070245057041912,0.2595192648330528,-0.07012515416968126,0.05225416543035598,0.3672154658043131,2,Focused,0.9053,0.083,0.0088,0.9053,0.003
2025-11-14 11:51:50.415,0.4777701829177661,0.1620401333894241,0.16848757653628557,0.12576947433996802,0.06593263223547714,0.3265579438152435,0.1625786622791095,0.09685045763608999,0.07051085855476726,0.049072571424734035,0.9617333639859994,1.3396538708932455,2.8356402554016835,1.2883899002989687,3.7987766700728733,0.39132041470175527,-0.033782782628844335,0.05505611124918072,0.24608402708982063,0,Baseline,0.8269,0.8269,0.0702,0.0922,0.0107
2025-11-14 11:51:51.429,0.5050037499708682,0.1673913947011397,0.1549150700226451,0.11851439727526815,0.054175387535809076,0.3129130145540722,0.15973391156009575,0.07505509767142603,0.06619743728546446,0.03882913500251938,1.0805364763499516,1.3071412462354113,3.2598746997196657,1.4124138874723235,4.26111695262432,0.34971022529175244,-0.03742476566702761,0.06107963039867834,0.22614622835120046,0,Baseline,0.6624,0.6624,0.1989,0.114,0.0248
2025-11-14 11:51:52.431,0.4602104639040344,0.18305636836748243,0.18754536743374028,0.11281911935378872,0.056368680486998064,0.30442350819196096,0.1777439800007807,0.09976239097515795,0.06934751633636578,0.039007203007957646,0.9760644110365033,1.662354323313541,2.453861941047449,1.6225649800348774,4.079188224018851,0.30056022312207137,-0.067961776938389,0.0624510405124379,0.2756179965190315,0,Baseline,0.5467,0.5467,0.1492,0.2651,0.039
2025-11-14 11:51:53.422,0.3970800632110788,0.1969162638782024,0.24496213553500248,0.10350499462126843,0.05753654231486713,0.30267186278717156,0.22997044606148234,0.19674605379238957,0.07711775397141386,0.04090744153112707,0.8038640560080544,2.3666694806819724,1.6209854071283039,1.9024806056357553,3.836336848290773,0.23487932059545816,-0.05674373756459432,0.05061134970367872,0.3962645368760732,2,Focused,0.9382,0.0391,0.0095,0.9382,0.0131
2025-11-14 11:51:54.446,0.371255015594039,0.22641503416912978,0.2549659740059597,0.09631902535006334,0.0510449504431907,0.27437518359024005,0.29357809829183873,0.26188685315741617,0.06681125592976149,0.032206321407240675,0.8880205532195128,2.647098500097178,1.456096259434204,2.3506779666785866,3.8544303755196907,0.2002029825358882,-0.03780428650520349,0.046131429474382826,0.4343189412708638,2,Focused,0.9763,0.0125,0.0032,0.9763,0.008
2025-11-14 11:51:55.393,0.408808022792808,0.21825639228926272,0.2138802010616918,0.10747771331055446,0.051577670068626714,0.3340571251614199,0.25835615524670624,0.2027545482133646,0.06553586649177401,0.032167110303015896,1.0204608982095527,1.9899956425732037,1.9113877846085117,2.030712835799618,3.803653540478955,0.24115213751004577,-0.04993630976327837,0.05869220396947816,0.34121450255890545,2,Focused,0.7883,0.1512,0.0347,0.7883,0.0258
2025-11-14 11:51:56.394,0.4590404218448214,0.17633191916541568,0.16976197916836203,0.13483066744267486,0.06003501179382036,0.3162889886436404,0.14926590248133162,0.09461638520529701,0.0864251905381629,0.04084942759603038,1.038700830670274,1.2590753260921552,2.704023580859238,1.3078026641257934,3.4045695723808023,0.35364224988127607,-0.08279535518402868,0.0881887986052763,0.2238751704020423,0,Baseline,0.8225,0.8225,0.092,0.0745,0.011
2025-11-14 11:51:57.418,0.45124041762208583,0.14856938690987415,0.14477614174887007,0.17901128057194715,0.0764027723872998,0.31530934813339073,0.0698243398268816,0.03803754457706742,0.1084333904642405,0.04959122658287346,1.0262006906191556,0.8087542483287249,3.116814559381377,0.8299442255021452,2.5207371902652476,0.5277303717799371,-0.07858116269173968,0.11865097450957879,0.160392362742675,0,Baseline,0.9874,0.9874,0.009,0.0007,0.0029
2025-11-14 11:51:58.416,0.4199845408034329,0.1295889227096266,0.14400579498812408,0.21867264886200502,0.08774809174211318,0.28630731080655314,0.04475561316708311,0.014571240851690134,0.11306299335636903,0.04927199792311544,0.8998867977600875,0.6585450405073274,2.9164417423177373,0.5926160288351578,1.9206083787021002,0.6093371843541281,-0.016839401979725582,0.1119746811815722,0.1572306761979015,0,Baseline,0.9982,0.9982,0.001,0.0001,0.0007
2025-11-14 11:51:59.393,0.3832955705763883,0.12940974060194585,0.21358337295528743,0.19804479012731502,0.07566652495403653,0.24799598777383108,0.07829773071092695,0.0995471691900642,0.10508861148300179,0.051082102139830374,0.6058979814409865,1.0784598879545602,1.794594529185022,0.6534366997707264,1.93539830548433,0.3542715912963928,-0.01381501495723031,0.06628411452668798,0.30138732726339645,0,Baseline,0.7463,0.7463,0.0064,0.2458,0.0015
2025-11-14 11:52:00.424,0.37772147760354946,0.13395985990757178,0.2600281124186327,0.16230929325351182,0.06598125618641512,0.26042729268467196,0.11367925794284502,0.1828162903576113,0.09838709399377453,0.047737640360151656,0.5151745075169326,1.602053038281443,1.4526177941454967,0.8253369167529425,2.3271708400693716,0.2537466162224888,-0.05675039509761591,0.04251726979642537,0.4084340876777389,2,Focused,0.98,0.0189,0.0007,0.98,0.0004
2025-11-14 11:52:01.399,0.3762787491151775,0.12809782962182267,0.2816240976679768,0.1489905061998449,0.06500881680776001,0.2345072858359247,0.10698806555150031,0.21774416909353725,0.09233103550469675,0.04350247476314031,0.45485392100325706,1.8902149267690769,1.3361027656012838,0.859771701508851,2.525521480914026,0.23083541159197465,-0.07370893168281727,0.046683182257161414,0.4618219981646665,2,Focused,0.9984,0.0013,0.0002,0.9984,0.0001
2025-11-14 11:52:02.424,0.35217614740843217,0.13195089802051527,0.2964632146530253,0.14925315592685834,0.07015658338289175,0.1991268416970087,0.08244870719088347,0.21392336470993084,0.09540143588795959,0.044667982338321845,0.445083528235072,1.9863110628977034,1.1879252403754705,0.8840743658675753,2.3595891264445035,0.23664514701613207,-0.06179205022478455,0.06214318451376379,0.4961631013285954,2,Focused,0.9999,0.0,0.0,0.9999,0.0001
2025-11-14 11:52:03.424,0.31948940322339786,0.14960095421057557,0.28936302291428695,0.15889816787539085,0.08264845110456305,0.1653377782890203,0.07414886894818469,0.17944303405231668,0.10326344516029429,0.0516822490744385,0.5170009199305334,1.8210594154277062,1.104112712690687,0.9414894255609008,2.0106549206243503,0.2856220100825546,-0.06030083130781752,0.08350502079471893,0.4655298932322983,2,Focused,0.9954,0.0032,0.0006,0.9954,0.0008
2025-11-14 11:52:04.421,0.3604933340093189,0.14439102853035754,0.2562422942228837,0.1608095322716715,0.078063810285122,0.30144274046297026,0.08106239533117164,0.128569684159677,0.09562345946501115,0.04545632149498799,0.5634941075333286,1.593452046458712,1.4068455054781117,0.8979008738574945,2.2417409372405386,0.3046484089419554,-0.07192079148620409,0.08946641053742571,0.3822049610896261,2,Focused,0.72,0.2699,0.0031,0.72,0.007
2025-11-14 11:52:05.422,0.43110204453077267,0.11146982064948818,0.22448044408122045,0.16065193623562504,0.07229575380279753,0.4185066836301565,0.05954047945335954,0.10455644373745443,0.09746222095910677,0.043586105676446114,0.49656804689621975,1.3973092100109352,1.920443569553692,0.6938591362347867,2.683453606584285,0.32205812349541946,-0.09314613547594519,0.07510095027239626,0.32271538433458935,0,Baseline,0.8917,0.8917,0.0027,0.1004,0.0052
2025-11-14 11:52:06.453,0.3821579392093364,0.1077080138291203,0.28579728266910065,0.15138313340432363,0.07295363020039161,0.27774380993268916,0.03453513957819131,0.16634514261642638,0.08022139728120518,0.048622955222374975,0.37686855891187837,1.8879069111795048,1.337164308452016,0.7114927818710103,2.524441827638926,0.25526354542783636,-0.10726981120788379,0.08930300848262611,0.4443329651589014,2,Focused,0.9802,0.0172,0.0016,0.9802,0.0011
2025-11-14 11:52:07.421,0.32476104986739013,0.12192199551084766,0.33651616741017903,0.14235090840322953,0.07444987816488763,0.1611007965523881,0.03445352567170884,0.21558463849587794,0.08439155196145143,0.05023072429420518,0.3623064913228143,2.3639901391921363,0.9650681651228298,0.8564889983040784,2.281411693793626,0.221237144489909,-0.10031721453874062,0.10769167809827285,0.5450855410415124,2,Focused,0.9999,0.0,0.0,0.9999,0.0001
2025-11-14 11:52:08.396,0.3316367492259773,0.1054941713252356,0.2998588003102334,0.17307368261196515,0.08993659575034942,0.182339362711303,0.028076426210302576,0.17739415487002788,0.11453330563669178,0.05698000557899626,0.35181281222349786,1.73254985078826,1.1059763389405386,0.6095332556505613,1.9161592049088239,0.29992980915685347,-0.11976894134671358,0.0964773992126626,0.46807451234942354,2,Focused,0.9859,0.0122,0.0014,0.9859,0.0005
2025-11-14 11:52:09.427,0.3728113844749096,0.08258543999413308,0.22154628318718134,0.22104787230557532,0.10200901902073459,0.2645849799242775,0.02527038092848774,0.09566703402178693,0.14221106063538214,0.06737864698252746,0.3727683221689374,1.0022547190970916,1.682769678118363,0.37360882688741365,1.6865639271745534,0.4604411003823414,-0.11511387318916746,0.09418701770889068,0.293362508565697,0,Baseline,0.9801,0.9801,0.0025,0.0158,0.0017
2025-11-14 11:52:10.421,0.44841486871459524,0.10191758293526551,0.2001790600670734,0.1770964625098141,0.07239202501630637,0.4425061622758355,0.04412968714656539,0.09584659919022018,0.10329426245459847,0.05794466956011899,0.5091320631128734,1.1303390588763995,2.2400686973135913,0.5754918858116589,2.532037269628539,0.3616363338687216,-0.03869486328145888,0.07598282913012573,0.29164370124197203,0,Baseline,0.9572,0.9572,0.0029,0.0379,0.002
2025-11-14 11:52:11.419,0.4656102184031032,0.11723137944372387,0.21550076732481943,0.15017540684640746,0.05148222740706381,0.45488686972852405,0.060320068196630654,0.13314890608469546,0.08295453593440218,0.038844955296969304,0.5439951581567786,1.434993635111556,2.160596468296258,0.7806296257104635,3.100442323921152,0.23889578518533983,-0.018525013834591014,0.06666706703383898,0.3482374014502045,2,Focused,0.6488,0.3403,0.0054,0.6488,0.0055
2025-11-14 11:52:12.469,0.4447876826352808,0.13221942145562374,0.21543983809604786,0.15729571231197118,0.05025734488598395,0.28499888940745,0.04644147763284608,0.09525528843190019,0.09483787671353647,0.030357807562997385,0.6137185048361035,1.3696484235518944,2.0645562395540895,0.840578621670254,2.827716330092657,0.23327785147517424,-0.08791773649223064,0.08882348736285522,0.3052130998282213,2,Focused,0.4601,0.4554,0.0759,0.4601,0.0086
2025-11-14 11:52:13.410,0.4080094346575607,0.15287032924853824,0.21336588460603317,0.15708116005392464,0.06867319074395808,0.22636609338111835,0.09404472467428378,0.06811717254056286,0.08989600382797766,0.04268630326960318,0.7164703127967278,1.3583161147372818,1.9122523560333984,0.9731932172141267,2.597443312381073,0.32185645635052806,-0.16477428558352006,0.10010601952837597,0.2414545515616549,0,Baseline,0.7973,0.7973,0.123,0.0617,0.0179
2025-11-14 11:52:14.400,0.39852562308590733,0.17487282415126892,0.1973867819619459,0.14613185640120224,0.08308291368915571,0.20902080660513458,0.1322626387407128,0.05201130736057412,0.06570610006080162,0.056868511783351144,0.8859398463955105,1.3507442751742065,2.019008562451022,1.1966782362935058,2.7271643954218914,0.4209142509655521,-0.12062996884436712,0.09582502551238456,0.22622643322041008,0,Baseline,0.7587,0.7587,0.1628,0.0575,0.021
2025-11-14 11:52:15.433,0.42934162381472,0.17492006462151163,0.1742732840986457,0.14716954079102204,0.07429548602318263,0.2178560835505891,0.11270395794541341,0.06591912595351833,0.07377345890857658,0.049975374776331044,1.0037112428855557,1.1841667190118046,2.463611111704214,1.1885615175240618,2.9173264544673168,0.4263159562539077,-0.10155611546285497,0.08805993589427172,0.2231816417351625,0,Baseline,0.6654,0.6654,0.2451,0.0746,0.0149
2025-11-14 11:52:16.409,0.44522372808325744,0.14475871760561518,0.1934264692670649,0.14641257847848405,0.07017850599823464,0.25728506460465383,0.09816542837733153,0.09765662390722726,0.0849208300963856,0.04959904424470219,0.7483914206272975,1.3211054546412158,2.3017723828211487,0.9887040391126484,3.0408842074988995,0.3628174708248648,-0.10385481905886909,0.0583544520324606,0.2838894340168715,0,Baseline,0.7377,0.7377,0.0829,0.1731,0.0062
2025-11-14 11:52:17.392,0.4514593393031002,0.12890233334455758,0.20246140270388102,0.1379641747916475,0.0792127492992266,0.3621838408726445,0.09114701257857546,0.11545896319059418,0.08392799465542848,0.061022328444676276,0.6366760540838933,1.4674924728445775,2.229853744838787,0.9343173631564232,3.2722937477207643,0.3912486248186105,-0.08285086364364436,0.055852919845396254,0.30746811715892286,0,Baseline,0.8254,0.8254,0.0111,0.1583,0.0052
2025-11-14 11:52:18.429,0.3678485803937241,0.12787462199152774,0.22288405530125513,0.1836094705451162,0.09778327112239595,0.2603127571322671,0.08186815252220045,0.11901901869365247,0.12223890276453066,0.07872744546708951,0.5737270711510467,1.2139027605738935,1.6504032259844672,0.6964489067333678,2.0034291219692055,0.4387180886629552,-0.05108671658917316,0.07696062649279642,0.3384258821264603,0,Baseline,0.798,0.798,0.0055,0.1944,0.0022
2025-11-14 11:52:19.435,0.28617160354016324,0.12025029393162645,0.24956785764325948,0.23210101932438512,0.11190922480546503,0.18990682452526225,0.08590260448431969,0.14314323075339205,0.17181559960939477,0.09442211203889458,0.4818340400436333,1.0752552815888752,1.1466684643442415,0.5180946171658906,1.2329613719214012,0.44841199254637926,0.0015536545540241753,0.06924040902954733,0.39101849019859525,0,Baseline,0.5418,0.5418,0.0014,0.456,0.0009
2025-11-14 11:52:20.392,0.33293364295295025,0.14569871975377113,0.2271842492857448,0.19707349188187304,0.09710989542498658,0.16973062414205123,0.11437700631196816,0.13022973718280337,0.13894547607099456,0.07744102036421487,0.6413240081502132,1.1527894268703882,1.4654784798897418,0.7393115683360808,1.689388171285009,0.4274499286627292,-0.00555199899514526,0.05266540299628,0.35583843145166494,2,Focused,0.5196,0.4677,0.0105,0.5196,0.0022
2025-11-14 11:52:21.448,0.34177470582513336,0.18469865320955614,0.22193868330953834,0.17256350837073153,0.07902444867621981,0.09537009974702229,0.1488700672213565,0.12444513134472228,0.11275299371384039,0.057402872165268015,0.8322057341842442,1.2861274816657964,1.539950969020348,1.0703227133602697,1.9805733509146028,0.35606431441859604,-0.04365583128971931,0.06576358760862397,0.3392119389417261,2,Focused,0.7544,0.1835,0.0529,0.7544,0.0091
2025-11-14 11:52:22.417,0.310375631627581,0.1961748133558334,0.23470916312181406,0.1803362807186116,0.07840411053180649,0.1010061915311665,0.16164581468775058,0.1275966183955777,0.10542943243256847,0.049080532011544976,0.8358208192145037,1.3015082110568825,1.3223838996122066,1.0878277055278658,1.7210935768434805,0.3340479176376918,-0.06986579609212935,0.08064090810036967,0.351710349076437,2,Focused,0.7035,0.2329,0.0549,0.7035,0.0087
2025-11-14 11:52:23.389,0.345568711134506,0.16906307915426444,0.22721377482456945,0.177405776932939,0.08074865731310188,0.12755026630345861,0.13807828820172416,0.10151688342284226,0.08611049683966877,0.04016916802029034,0.7440705205663343,1.280757402296343,1.5208967686591628,0.9529738689875535,1.94789988031864,0.35538626045707344,-0.08788286169420981,0.07829856465107131,0.32348912596993273,0,Baseline,0.5313,0.5313,0.08,0.3799,0.0088
2025-11-14 11:52:24.429,0.4602250044314141,0.1395074614155407,0.18926108009152745,0.1427050612277032,0.06830139229518017,0.21967569702961495,0.11691293085661682,0.0713241381111889,0.06937603180781628,0.03468219720662873,0.7371164424133578,1.3262393442874816,2.4316937211385996,0.9775928789029485,3.2250080566307937,0.3608844916942481,-0.07084524271034276,0.07262439649856771,0.253363907253193,0,Baseline,0.704,0.704,0.1376,0.1481,0.0103
2025-11-14 11:52:25.414,0.4914226749566983,0.147551309145456,0.17785098496860074,0.12297264605331336,0.06020238439056144,0.2669327964484088,0.10973303513776161,0.06862402331021514,0.06429453711036907,0.03155225701191079,0.8296344317416156,1.4462644841264185,2.763114567019757,1.199870880901254,3.9961946885464337,0.3384990025003237,-0.15044089898904653,0.11471476238554512,0.20772813920819225,0,Baseline,0.5399,0.5399,0.3574,0.0829,0.0198
2025-11-14 11:52:26.397,0.4500837603725883,0.16093174131621413,0.2120297115751239,0.11938216664006385,0.057572619610542664,0.24782988779611784,0.12337807588100301,0.12086680083471477,0.05513218731279576,0.0247427986982258,0.7590055777118713,1.776058349265917,2.1227390057818845,1.3480382570123666,3.7701085123417264,0.2715308928524165,-0.31996822808226644,0.15915200595739545,0.19288172665939332,1,Relaxed,0.4563,0.2654,0.4563,0.2113,0.0669
2025-11-14 11:52:27.434,0.4024642491275815,0.15109994618398667,0.25195667582954917,0.1345333275385997,0.05994580076404141,0.1769788810334079,0.1062541556331958,0.130768102305271,0.057593017103142456,0.028830144591754512,0.5997060394984203,1.8728196329572133,1.5973549096444775,1.1231412893524162,2.99155775431579,0.23792105602069735,-0.3378063926815863,0.15255364367311897,0.22658140233195923,1,Relaxed,0.3695,0.2226,0.337,0.3695,0.0709
2025-11-14 11:52:28.436,0.3817117659323931,0.1355156081056501,0.2475167594708231,0.1662559754789781,0.06899989035814967,0.1750631744367781,0.07940674987689446,0.07914620276097414,0.07741010688929616,0.04549555624378283,0.5475007143773525,1.488769013384603,1.5421652712600902,0.8151021313021245,2.295927962128364,0.27876854770554554,-0.17261942626264223,0.11382656763217547,0.274316366868109,0,Baseline,0.6585,0.6585,0.1369,0.176,0.0286
2025-11-14 11:52:29.384,0.43022332291912885,0.12412681343613251,0.2004640774743924,0.1751067386095264,0.07007904686194423,0.199754066089016,0.07152565872631658,0.06627558075092271,0.08646283862278534,0.0427012368409268,0.6191972587209101,1.1448106887154346,2.1461366389333265,0.7088636755681248,2.4569202862563073,0.3495840464237578,-0.07199996741774872,0.0931247089310209,0.23782396617555235,0,Baseline,0.8357,0.8357,0.0798,0.0811,0.0034
2025-11-14 11:52:30.457,0.4733168895609958,0.14086580627445658,0.1824734711767011,0.13884132576692695,0.06450250656111996,0.24220973621596226,0.0666469708542172,0.07167826784099773,0.0627204787985227,0.034422930234641116,0.7719796069328394,1.3142589717158832,2.5938941182508155,1.014581179994754,3.4090488034165363,0.3534897572248207,-0.061609078460663824,0.10906569834710513,0.2185570230117601,0,Baseline,0.6447,0.6447,0.2279,0.1141,0.0133
2025-11-14 11:52:31.410,0.4397815978107154,0.18110110876888386,0.1900759437059688,0.12195964593334023,0.06708170316069705,0.21657675963402284,0.09318748694429854,0.07876912219116305,0.05990838723857803,0.03773313858254383,0.9527828493710032,1.558514922425323,2.313715066194116,1.4849263666984163,3.6059596466153354,0.3529205133673389,-0.07561058426970332,0.11820179173550088,0.2536656980352523,0,Baseline,0.3773,0.305,0.3773,0.2593,0.0584
2025-11-14 11:52:32.406,0.41312887526700703,0.19811041903464935,0.18744759089043087,0.12749569010477327,0.07381742409949184,0.2173025797636862,0.12271731290812575,0.084645899118474,0.06684052940444986,0.04362825615248447,1.0568842604203361,1.4702267663645943,2.2039699270864186,1.5538596115151053,3.2403357519312923,0.3938029814670207,-0.09500195543404089,0.09959666945917689,0.2650414479554771,0,Baseline,0.4549,0.4549,0.2585,0.2175,0.069
2025-11-14 11:52:33.430,0.3972723973038216,0.15232738614405197,0.21775010541220297,0.15512713645727713,0.07752297404173776,0.23952943299847554,0.09898496693738859,0.11270973761932279,0.09114430305662934,0.046537858298087036,0.6995513451540305,1.4036879449218294,1.824441730153765,0.9819518351419155,2.560946980438608,0.3560180617814418,-0.11326934108685213,0.0676346403755019,0.3223047406207498,0,Baseline,0.6195,0.6195,0.0373,0.3362,0.0069
2025-11-14 11:52:34.409,0.3425525480191839,0.11015601319523573,0.2690077884035275,0.18735682885630028,0.09092682081977355,0.21246294603393498,0.058389034041513715,0.17870317004740596,0.11729287021843164,0.05791117838871543,0.40949003653044747,1.4358044790126514,1.2733926304446197,0.5879476504176271,1.8283429103002546,0.33800812229011284,-0.12874186403157095,0.06028226551072693,0.41569575795463487,2,Focused,0.918,0.0797,0.0017,0.918,0.0006
2025-11-14 11:52:35.406,0.3101958010085154,0.12318396391444837,0.2560593749395089,0.19064651711928768,0.11991434231641762,0.09822671161911324,0.04735396509254406,0.19678664288954933,0.10528506787059451,0.07509966186263338,0.4810757627319505,1.3431106184236568,1.2114213313516924,0.6461379904254541,1.6270729170661768,0.4683067654198498,-0.0519161929870503,0.07602494528174931,0.3834840076829857,2,Focused,0.9707,0.0263,0.0025,0.9707,0.0005
2025-11-14 11:52:36.426,0.4017749122626425,0.11761227110059155,0.2149782159591297,0.16663939358742866,0.09899520651716523,0.2808926113621456,0.041089550758800324,0.13527791301395475,0.061379521206925,0.04132564519901326,0.5470892253197366,1.2900803251275423,1.8689097952600344,0.705789078504985,2.4110438684560473,0.46048945689962845,0.0016707357963452185,0.07749479761763471,0.3028644831155008,2,Focused,0.5814,0.4057,0.0056,0.5814,0.0073
2025-11-14 11:52:37.412,0.4738358080657766,0.11361874016515941,0.2111259992430055,0.14031109791600987,0.061108354149202154,0.508460767171617,0.05960932967808942,0.12028267835298381,0.053325692794076174,0.018880084092260177,0.5381560546355258,1.5046991102756127,2.2443270242483138,0.8097629749539965,3.3770370365075753,0.28944019909392876,-0.04382506787440085,0.07155426119251379,0.3063480087074617,0,Baseline,0.7384,0.7384,0.0033,0.2475,0.0108
2025-11-14 11:52:38.386,0.4478496508894849,0.12628887372600647,0.2141922081876452,0.15865250905831474,0.053016757669584164,0.4317213231946167,0.08883727292711092,0.1292119585620711,0.08344771769789465,0.028118114903592787,0.5896053311113753,1.3500712718523944,2.090877318881594,0.7960092564278,2.822833532979531,0.2475195323069035,-0.05446021905640702,0.06321858909608677,0.31844981540568296,0,Baseline,0.5824,0.5824,0.0024,0.4119,0.0033
2025-11-14 11:52:39.433,0.38173338699700354,0.13465567215146226,0.22850251729564056,0.18984864467912058,0.06525977830109653,0.266046019104466,0.10247697572950251,0.12171425648354074,0.10562800563168011,0.039833983957018704,0.5892962049266195,1.2036035634903612,1.6705871550519449,0.7092790432413404,2.0107247409374787,0.28559762149441037,-0.040777378254143015,0.06101834802401033,0.33698671801813773,2,Focused,0.574,0.4207,0.004,0.574,0.0012
2025-11-14 11:52:40.411,0.358786452053491,0.14585959784380975,0.24746173788083292,0.17712316295836744,0.07076904861164679,0.20766561143925713,0.10189477121429603,0.11730453907800456,0.1014580167574175,0.044090710953720066,0.5894228061221387,1.3971166716790833,1.4498663131817342,0.8234924623786739,2.0256324797084755,0.2859797492650305,-0.04916406758271624,0.07087296299966514,0.3621157993495794,2,Focused,0.7669,0.2222,0.0086,0.7669,0.0022
2025-11-14 11:52:41.409,0.4019307059282849,0.16575992807530596,0.2241239610778043,0.1485660855685891,0.05961931874342767,0.19168233271172336,0.1124009966757358,0.08191397507877947,0.08838132192780787,0.036226760752925365,0.7395903583100563,1.5085808119277935,1.7933409978210464,1.1157318730152594,2.7053999392662504,0.2660104515225233,-0.09926508263354235,0.08524527653953115,0.29712489756239413,0,Baseline,0.4304,0.4304,0.1346,0.4174,0.0176
2025-11-14 11:52:42.431,0.4374016487272419,0.17636963146663448,0.19709669843197392,0.1320876073703052,0.05704441344093294,0.20602537121283476,0.1289881769601238,0.06723746836922992,0.06762248750680594,0.03250500535490262,0.894838035955871,1.4921663540906864,2.219223508129802,1.3352472773597353,3.311450819049862,0.2894234708167198,-0.13584096713470803,0.10542735664729631,0.24404619565567698,0,Baseline,0.3837,0.3837,0.3448,0.2275,0.044
2025-11-14 11:52:43.431,0.454163959159611,0.17687034753690117,0.1851488499419711,0.12422681859244616,0.05959002425278812,0.3246505739935232,0.12836425374899119,0.08617927088166624,0.05210721393517924,0.03592056776693869,0.9552872623268405,1.4904095358450566,2.4529665443360225,1.4237693221418686,3.6559249262459823,0.32184926373008554,-0.06043795715310646,0.08875941975726387,0.26018117073427277,0,Baseline,0.7409,0.7409,0.0782,0.1481,0.0327
2025-11-14 11:52:44.406,0.47519117306947767,0.1352282729529113,0.18026085798824298,0.14450357068595887,0.06481612478887433,0.41481019660872315,0.0860952902459013,0.09102233342911221,0.0674851507013241,0.04296322664581955,0.7501809708457144,1.247449074497284,2.6361305055985347,0.9358126097013121,3.2884387418896055,0.35956847158364835,-0.009683657654900396,0.060002246657636434,0.26565655303403257,0,Baseline,0.9033,0.9033,0.0067,0.0833,0.0066
2025-11-14 11:52:45.427,0.47440809872397033,0.12319397261759203,0.1768844580890599,0.16396677884262387,0.0615466911910207,0.3512097323770183,0.06790988038053286,0.08062217694172713,0.09571693123855557,0.03734408860812075,0.6964657437054613,1.078782229850427,2.682022360974677,0.7513349104850386,2.8933182266520423,0.34794853305058104,-0.03254065676321591,0.07548519275540358,0.25572642679910984,0,Baseline,0.918,0.918,0.0138,0.0661,0.0022
2025-11-14 11:52:46.413,0.4832451217945103,0.16478030182553846,0.1639372943564487,0.14232080408906053,0.04571647745517719,0.26771382930594356,0.1340222849757185,0.0728288218603222,0.08837171598053878,0.025493525413790314,1.0051421942821315,1.1518855861368327,2.9477434906687927,1.1578088762366368,3.395463445649689,0.27886561655165387,-0.0490476328362609,0.08556123855022409,0.2283302492310278,0,Baseline,0.6337,0.6337,0.1946,0.1578,0.0138
2025-11-14 11:52:47.387,0.49217619433883836,0.17694293700489042,0.1566260895624732,0.13258433989141916,0.041670438750112476,0.28511824008290154,0.1753036632268769,0.0653395876190001,0.0801022453935544,0.02484373730851701,1.1297155295265044,1.1813316555893905,3.1423638570692036,1.3345688020478965,3.7121741347444805,0.2660504147553739,-0.0559491116988696,0.06887458199769636,0.20375119080569043,0,Baseline,0.6065,0.6065,0.2364,0.1304,0.0267
2025-11-14 11:52:48.459,0.432185141046181,0.20671151272639657,0.17576203956110464,0.13888094288486127,0.04646036328640252,0.3192160027881356,0.19456205026342616,0.06894432300333632,0.08042429403235919,0.029083502289759384,1.1760872909856015,1.2655589979053463,2.458921832815391,1.4884079381120747,3.1119108277179124,0.26433671775231726,-0.05269257191857393,0.08090825514705785,0.23959640517984615,0,Baseline,0.8369,0.8369,0.0944,0.0526,0.0161
2025-11-14 11:52:49.436,0.38881915474106954,0.23807507170318637,0.19369095443432158,0.1325417594625354,0.04687305913332192,0.2966045945981353,0.23786206717054298,0.06416273000060442,0.06389474419702014,0.02767300029388316,1.2291490849792064,1.4613578437933166,2.007420200919665,1.7962267492624753,2.9335594078587746,0.24199920357780058,-0.08899188280268501,0.09271668611691676,0.24930266206719434,0,Baseline,0.7419,0.7419,0.1513,0.066,0.0408
2025-11-14 11:52:50.386,0.414189015843386,0.22688603242913827,0.1902278754285902,0.12051428205503499,0.04818279373062017,0.25644013922873443,0.23518671182387255,0.06263620132279524,0.045180455638268814,0.025103727569854805,1.1927064842147403,1.5784673517537595,2.1773307047502706,1.8826483445260314,3.4368456120892223,0.25328985612210647,-0.11948826333689773,0.08730721637069426,0.2245324487570722,0,Baseline,0.5046,0.5046,0.2438,0.1637,0.0879
2025-11-14 11:52:51.431,0.44125702382112775,0.22306835179637985,0.17484703996475362,0.10805805216867642,0.052769531733941506,0.174812357742663,0.18779741567988445,0.08814478662389491,0.04061802164506268,0.02818530979831087,1.2757913378655623,1.6180841711914191,2.5236743994827373,2.0643378876087444,4.083517832592024,0.30180395805693605,-0.08924337031209388,0.10170120710385105,0.22808282377856132,0,Baseline,0.3583,0.2372,0.2732,0.3583,0.1314
2025-11-14 11:52:52.421,0.4500966010070763,0.2317707766470699,0.16007412679433114,0.098530278448167,0.05952821655815969,0.11959034614411795,0.18704973918562579,0.09848376691644808,0.04034402406538749,0.03402893338950648,1.447896464029396,1.6246184733188922,2.81180089439043,2.352279489864638,4.5681039616955434,0.371879041488405,-0.055890649882998036,0.09531628253064107,0.23239808396986897,1,Relaxed,0.349,0.1829,0.342,0.349,0.1262
2025-11-14 11:52:53.385,0.4365053868108285,0.23471339303751376,0.16197599313262334,0.10025441996809377,0.0665508064777224,0.16330245085734652,0.20703419416587476,0.10244955352382423,0.042279218545928726,0.03713391222709718,1.4490627531124733,1.6156492354918643,2.694876885271857,2.3411772737844294,4.353976048237943,0.4108683088273988,-0.05075083452956052,0.07709982333986164,0.23866368046836958,0,Baseline,0.3022,0.2709,0.2838,0.3022,0.1431
2025-11-14 11:52:54.394,0.4156902356369179,0.2231518548781112,0.17172838935763174,0.11669132156129837,0.07273819795027141,0.18621270701253934,0.17563648564808818,0.08868192107030348,0.048357521813887694,0.04216098250041695,1.299446426524875,1.4716464973014916,2.420626042004999,1.9123258933838523,3.562306043431807,0.4235653405165153,-0.036039095350709954,0.08312987186562651,0.23779078402909476,0,Baseline,0.3566,0.3566,0.2936,0.2281,0.1218
2025-11-14 11:52:55.409,0.38037296571262214,0.17134701158143933,0.19458305135501958,0.16957071828193032,0.08412625234631962,0.21050676641065444,0.09892904863791413,0.07406107035418381,0.09324835548300812,0.054209046838339416,0.8805854445306227,1.1475037780783925,1.9548102649008396,1.0104751764500046,2.2431522796800727,0.432341087453805,-0.013571303871196469,0.07873212530667872,0.2594609141909607,0,Baseline,0.8695,0.8695,0.04,0.0822,0.0082
2025-11-14 11:52:56.391,0.30525379748005327,0.12067991903609654,0.2595214249212673,0.2199957493739535,0.09454910840080115,0.16118816460343724,0.05953452743271221,0.1086688754127503,0.13143759453911064,0.0534990448001794,0.46500944738035993,1.1796655792811317,1.1762180552548969,0.5485556602523517,1.3875440069786815,0.36432099887812786,-0.020388390433914716,0.07022534408129275,0.36596796975683754,2,Focused,0.5405,0.4556,0.0031,0.5405,0.0008
2025-11-14 11:52:57.386,0.28859557642475364,0.12223458991567804,0.27530505805324995,0.21634233293633817,0.09752244196312101,0.09839453797972345,0.03564034409688435,0.12899693163347642,0.11909487652007453,0.05833004938249463,0.44399687510305924,1.2725435729161092,1.0482755674113962,0.5650053903301182,1.3339763844088395,0.3542340962072593,-0.02487111296608735,0.09717270964696192,0.3854153570292089,2,Focused,0.8842,0.1102,0.0046,0.8842,0.001
2025-11-14 11:52:58.397,0.3526771945127981,0.12653319535192678,0.23017405932498597,0.19843614213788321,0.09217940804151611,0.15252810221817037,0.025679377580706472,0.11358927034140043,0.1198144140520276,0.07031147542519603,0.549728280526999,1.1599401462141319,1.5322194873952037,0.6376519297955611,1.7772829734560698,0.4004769447394473,-0.03382216930258186,0.11280413756652823,0.3151376357867479,2,Focused,0.4772,0.4597,0.0585,0.4772,0.0047
2025-11-14 11:52:59.402,0.381746685743187,0.13320086620300692,0.22092052840720827,0.18303414787224564,0.08109777114477795,0.15765248611505925,0.03710087458605791,0.10237382601847315,0.1166127448846009,0.058632884951091334,0.6029356399516216,1.20699071132617,1.7279818730096452,0.7277377498902614,2.0856581644702565,0.3670902294982451,-0.020660496700981412,0.09702361716095503,0.3125845130312468,2,Focused,0.5445,0.3659,0.0855,0.5445,0.0042
2025-11-14 11:53:00.418,0.3738065827798928,0.1558416630201626,0.23073125859239554,0.1696750755717708,0.06994541942585274,0.2500862874359791,0.09160664127144016,0.10355994183716068,0.09279129785684317,0.03179042481615023,0.6754249823653891,1.3598417104955496,1.6200950354945205,0.91847110313814,2.2030728997144164,0.30314668598046274,0.00026769737638696056,0.08274805339570618,0.3333430244511214,2,Focused,0.6726,0.3089,0.007,0.6726,0.0115
2025-11-14 11:53:01.405,0.39357549769716366,0.1538123416111279,0.2182739284466256,0.16557785815017423,0.06876037345127504,0.22955873608884408,0.10122254992268964,0.10327246157108613,0.0884389798610875,0.028191418778441762,0.7046757057015285,1.3182554582032522,1.8031263855781137,0.9289426378628372,2.3769813085176477,0.31501870512172475,0.0030822477067335846,0.10071758379466897,0.31239383440455115,2,Focused,0.6648,0.3086,0.0134,0.6648,0.0132
2025-11-14 11:53:02.419,0.43222577722616107,0.13055101500509453,0.19444423723172752,0.16710320121697816,0.07567576856649112,0.060832367121565485,0.05565866668095271,0.08384174517782417,0.10638049539992213,0.03629529043389052,0.671405900990793,1.1636175978643997,2.2228776802589545,0.7812597618820037,2.5865797196735483,0.3891900616442773,0.005761686150995454,0.1437961262527657,0.2672778374081166,2,Focused,0.4713,0.1576,0.367,0.4713,0.0041
2025-11-14 11:53:03.391,0.43782349611657145,0.12887452297615276,0.175349128370935,0.18061280338791513,0.07734004838884646,0.07428928408780153,0.020798094365205768,0.0778979582395461,0.12517841233564533,0.03850516206148388,0.7349595451306441,0.9708565249704907,2.496867108581943,0.713540310671977,2.4240998625951664,0.4410631789090443,0.001747530952988352,0.12680716015778676,0.249301557929497,1,Relaxed,0.5237,0.3388,0.5237,0.133,0.0046
2025-11-14 11:53:04.440,0.37711114494797443,0.1321408845089031,0.21848520218451592,0.19709590987725153,0.07516685779222984,0.16702094997325453,0.05118380755619524,0.125914435075256,0.1233706995766371,0.04006911293357425,0.6048047059464464,1.1085221973168462,1.7260259455431481,0.6704394722691293,1.9133381613522682,0.34403636310520486,-0.042748492291319704,0.08177490441875283,0.336575453366851,2,Focused,0.7598,0.219,0.0202,0.7598,0.001
2025-11-14 11:53:05.426,0.3058685397001938,0.12302294043265133,0.2843257688543801,0.2095926196041813,0.07719013069552431,0.17096594986586033,0.04644076167961728,0.19737602682574534,0.1143227207847827,0.043394790830798266,0.43268303327380875,1.3565637751257447,1.0757678777232753,0.5869621496947767,1.459347784689905,0.27148481226902016,-0.08486150435099944,0.07674542485790656,0.4424872082563276,2,Focused,0.993,0.0066,0.0003,0.993,0.0001
2025-11-14 11:53:06.403,0.33925172760945155,0.12469136735426355,0.2786041160949301,0.18859291900259342,0.0688598692065404,0.19923463410886938,0.05271793706872501,0.19821266091443146,0.10438791435208708,0.03635470095480445,0.44755750426961327,1.4772776347892602,1.2176837879775575,0.6611667150710028,1.7988570907914918,0.24716026345954925,-0.13146806226702273,0.08577166397074536,0.41050635049772,2,Focused,0.9894,0.0095,0.0008,0.9894,0.0002
2025-11-14 11:53:07.426,0.4202393024990336,0.1561170771423553,0.22533190155431376,0.14007993403722496,0.058231784123519474,0.22680803229700466,0.0667667948729063,0.11142431408152313,0.07775972432360188,0.02459747951527211,0.6928316369637906,1.6085950283820352,1.8649790861856668,1.1144855761854717,2.9999962192115013,0.25842670805854034,-0.14973214111549846,0.10361995641576528,0.30875967791820375,2,Focused,0.6283,0.2375,0.1154,0.6283,0.0189
2025-11-14 11:53:08.399,0.43628414177413716,0.1885824747305462,0.18476768073334532,0.12844906350117793,0.06191663863760543,0.2533007948489168,0.09261697067651611,0.06922571049203562,0.05930172919480474,0.025432885737604587,1.0206463802305477,1.4384508638098579,2.361257750435262,1.4681497467462608,3.396553434619645,0.3351053335778431,-0.11409353098549589,0.13330647751094452,0.24101043847063613,0,Baseline,0.4811,0.4811,0.3119,0.137,0.0701
2025-11-14 11:53:09.376,0.4131905884680504,0.19545335521763466,0.1675841364428477,0.15345746110434358,0.0703144580811515,0.2570981495571416,0.12101717511147785,0.058201011833314775,0.06631509143542602,0.0318427804121563,1.1662997924704732,1.092055898203214,2.465570862390396,1.2736646434420644,2.692541363379441,0.4195770278612321,-0.10221472589774808,0.13261143710398196,0.2113809390565063,0,Baseline,0.8371,0.8371,0.1003,0.0338,0.0288
2025-11-14 11:53:10.448,0.3945283949581185,0.16802247124369668,0.1709246684632439,0.18670622220806068,0.07981824232834868,0.18312524439850086,0.091962755009681,0.07189937041059238,0.09034178691706025,0.04769930518493804,0.9830205489011857,0.915473824530773,2.308200304983806,0.8999296341455636,2.113097084614005,0.4669790403935908,-0.11398314672633823,0.10316075257828014,0.22095347049799452,0,Baseline,0.8648,0.8648,0.0974,0.0311,0.0066
2025-11-14 11:53:11.397,0.38496349134744545,0.13666603388262197,0.17648103012459726,0.21720193147909497,0.08468751227014049,0.17310787913775774,0.03957816363618376,0.0837568439549043,0.11787230530032314,0.05888547987488515,0.774394993287293,0.812520500152081,2.181330589822327,0.6292118429142848,1.772375922268158,0.4798674815739431,-0.08912384268413154,0.1013545487053925,0.24324148088798708,0,Baseline,0.9436,0.9436,0.0337,0.0198,0.003
2025-11-14 11:53:12.375,0.3457613424438877,0.12755175975855268,0.24288092219380533,0.21050257482700546,0.07330339997570363,0.18693801930041537,0.04197630160077851,0.17406378646417153,0.11172722061790372,0.04779922618812729,0.525161685631104,1.1538144407747246,1.42358372607031,0.6059391615707562,1.6425515284196635,0.30180796538285537,-0.03349546556865032,0.09386784656722788,0.39585712834755993,2,Focused,0.9758,0.0222,0.0016,0.9758,0.0004
2025-11-14 11:53:13.420,0.3224922361727336,0.16508308783371237,0.2822513233856805,0.1663173166951182,0.06385603528539982,0.19529831914883905,0.09583356369192796,0.2356801377793584,0.08376655872130029,0.0367918492759673,0.5848797447774522,1.6970650562649119,1.1425711698306353,0.9925790121454492,1.9390176753135577,0.22623820592600766,-0.00943383411091904,0.08337434643224619,0.47836048835527145,2,Focused,0.9993,0.0,0.0,0.9993,0.0007
2025-11-14 11:53:14.395,0.31391787684911615,0.2514719471486882,0.2534505005748198,0.12740371963171038,0.053755955337825866,0.19745455113622049,0.1937773768543735,0.1862002543551378,0.06133679055209543,0.02641655678370029,0.9921934920484308,1.9893491447030356,1.2385766204895692,1.973819352664364,2.46396143783677,0.2120964570791695,-0.0024080127354955128,0.0743566093602832,0.43023413686766626,2,Focused,0.815,0.0315,0.048,0.815,0.1055
2025-11-14 11:53:15.373,0.2985203132942399,0.28660405443712145,0.2423702901289078,0.11963369887426048,0.05287164286703692,0.19106825485642667,0.24357671345932358,0.16845123631841127,0.054971599310291476,0.02480910779957152,1.1825048460338885,2.025936438898238,1.2316703537333906,2.395679755597589,2.4952859532926124,0.21814406649212567,-0.002779200209362301,0.06293137731426612,0.4062680038285975,1,Relaxed,0.558,0.1064,0.1528,0.558,0.1829
2025-11-14 11:53:16.419,0.3407543470649959,0.22535890999784894,0.22551786435902285,0.13701536875624223,0.07135350932546011,0.2907137042908874,0.17146348416525528,0.12726567641431813,0.06601942383651455,0.043010237832065014,0.9992951141383993,1.6459310364001645,1.5109859829669972,1.6447709158164985,2.4869788352095594,0.31639846521374104,-0.03102126496238894,0.0622809904068531,0.34727140021440295,0,Baseline,0.4272,0.425,0.0583,0.4272,0.0894
2025-11-14 11:53:17.393,0.4133416817069775,0.1376353587223094,0.2001828928852329,0.15418240521155382,0.09465766082477843,0.36186123161926553,0.0722892934125026,0.09945568499261255,0.09099489807081396,0.06662018264643856,0.6875480210276363,1.2983509994350637,2.0648201007653033,0.8926787048539861,2.680861375402837,0.4728558706087239,-0.05711535260861664,0.06570436395062762,0.28790827214393594,0,Baseline,0.9503,0.9503,0.0039,0.0406,0.0052
2025-11-14 11:53:18.394,0.41505068328521705,0.14262745298908922,0.21059879777633367,0.14686840394761932,0.08485466135264368,0.24532910749085488,0.09167384956344914,0.12128559276812452,0.08517268256370594,0.05816536640785967,0.6772472004711756,1.4339284541565473,1.9708121221940695,0.9711240773659975,2.8260037139996967,0.4029209008759609,-0.03395516754224083,0.05511239389311075,0.3306353719003553,2,Focused,0.5868,0.382,0.0237,0.5868,0.0075
2025-11-14 11:53:19.417,0.41588189492344035,0.13947080637273482,0.21337202396830537,0.16068229032171005,0.07059298380020809,0.21496880359260986,0.0929477664681392,0.14455835227980213,0.08694319816796159,0.048710225668219635,0.6536508265813881,1.3279124305608185,1.9490927990367104,0.8679910985434821,2.5882246774584536,0.33084459330173555,-0.004651423888708955,0.04676357436973408,0.34799698134791485,2,Focused,0.921,0.0689,0.0078,0.921,0.0023
2025-11-14 11:53:20.416,0.38761367335988495,0.12543474213528358,0.2164997393317178,0.20045949829831505,0.06999234623623048,0.21099631828698498,0.06357218906702869,0.16202794527313913,0.12303357154079676,0.04622285311367839,0.5793759231706743,1.0800173120724827,1.7903654602666024,0.6257360561246967,1.9336257813376219,0.32329065715909544,0.00996029215981277,0.06262185934449441,0.35385011392703064,2,Focused,0.9479,0.0489,0.0028,0.9479,0.0004
2025-11-14 11:53:21.375,0.37431210046187413,0.131392868129011,0.23143630155084835,0.1920722454039271,0.07078648380928439,0.19264855864616498,0.054709842557161444,0.19876119230222564,0.12206249191333383,0.04520888833066849,0.5677279734046529,1.2049439470793888,1.6173438729368743,0.6840804146996263,1.9488087942461938,0.30585729324385663,-0.012552705019315546,0.0868895489525205,0.38351012345101887,2,Focused,0.9925,0.006,0.0012,0.9925,0.0003
2025-11-14 11:53:22.422,0.3811159429355468,0.15740466549723364,0.23938789191819837,0.15246745017631994,0.06962404885486272,0.20847519377857535,0.08653289877482664,0.20094195374174198,0.09318534745427375,0.04552656690740025,0.657529742463847,1.5700916880320557,1.5920434570071906,1.0323820264022507,2.499654303251382,0.2908419694436107,-0.019027751405422677,0.08958822353862224,0.39971822861787987,2,Focused,0.9946,0.0025,0.001,0.9946,0.0019
2025-11-14 11:53:23.423,0.3808405605159282,0.16719825741977828,0.2324962758995556,0.14883822906469846,0.07062667644946999,0.2912816242314357,0.07082963849869611,0.17819104960009396,0.08816633699303889,0.04590044185989787,0.7191437780301241,1.5620735461569917,1.638050083434284,1.1233555198613907,2.5587548126686768,0.3037755040955043,-0.010364357982384595,0.101079337039143,0.38931279186781875,2,Focused,0.9624,0.0154,0.0039,0.9624,0.0183
2025-11-14 11:53:24.375,0.40620935536288416,0.15922734137576236,0.22076136187332318,0.1512633109548296,0.06253862981480726,0.4114926775552776,0.0737328514870003,0.1372741005198807,0.09034657013779673,0.03985106226871623,0.7212645039510348,1.459450714686128,1.8400381910834218,1.052650043451783,2.685445174671174,0.2832861079097345,-0.03623989980016007,0.1033046225887585,0.35112521020389376,2,Focused,0.6287,0.3333,0.0074,0.6287,0.0306
2025-11-14 11:53:25.398,0.4488459043024714,0.15098639604471162,0.2058541465826454,0.14673834847371753,0.04757520405628898,0.4624544457771496,0.0777527911730754,0.09417992618426009,0.09659224596645145,0.031079026544583464,0.7334629455689144,1.402865267976377,2.1804072929772045,1.0289497416706823,3.0588178099516132,0.23111121410457752,-0.06934613940365325,0.08505387423168266,0.29601362672940923,0,Baseline,0.8617,0.8617,0.007,0.1202,0.0111
2025-11-14 11:53:26.421,0.42040041675253603,0.1433451045086465,0.2102736449563053,0.1714556337559987,0.05452519941161363,0.3297033690809933,0.05486157468430146,0.08440747243025847,0.11471957542671013,0.031103735462285103,0.6817073900124744,1.2264025864062493,1.9993014190954874,0.8360477460435378,2.4519485479918917,0.259305900318059,-0.13265288951090085,0.09538433928221576,0.27787411127808714,0,Baseline,0.8895,0.8895,0.0209,0.0777,0.0118
2025-11-14 11:53:27.374,0.35496454630626784,0.14083303861028468,0.22462659147831773,0.19871899366929402,0.08085682915647424,0.19177123464199286,0.05917610320488022,0.10087555765917262,0.13200662983556663,0.047330670406472895,0.6269650953334603,1.1303729755617073,1.5802426959681848,0.7087044319357472,1.78626371787268,0.3599610581486673,-0.17525240148039464,0.13582252321575056,0.3041278244557353,0,Baseline,0.8557,0.8557,0.0357,0.0926,0.016
2025-11-14 11:53:28.421,0.34662281058283334,0.13151738359384618,0.2275367873078852,0.20362845252081466,0.09069456520557315,0.1991969274457146,0.04692904082517457,0.12646795977772807,0.12981883762617563,0.06201739800035709,0.5780048992070809,1.1174115076600684,1.523370350132028,0.6458693542431606,1.7022316344769435,0.3985929584956418,-0.10773935753325027,0.13083297120934584,0.3439966342155617,0,Baseline,0.6471,0.6471,0.0173,0.3294,0.0063
2025-11-14 11:53:29.419,0.34360408107854506,0.12850668394177842,0.2563128906377804,0.19529747844956144,0.07627886523296154,0.173022471548776,0.04485055574346405,0.16229947198204817,0.12873798838096442,0.04925176835113294,0.5013664299456513,1.3124228717563724,1.3405649119633036,0.6580047954634461,1.7593881201769068,0.29760056962859743,-0.04303940177879051,0.09249754528335444,0.4176110625853478,2,Focused,0.9773,0.0202,0.0022,0.9773,0.0004
2025-11-14 11:53:30.372,0.38387764258473395,0.13583214657802198,0.2824478287287545,0.14521659113006447,0.05262579048272816,0.17772224490490174,0.0767298137434499,0.20117481701468315,0.09358154177896458,0.03024074405279738,0.4809105539252039,1.9450106016169444,1.3591098601161058,0.935376158930774,2.643483180279855,0.18632038651662947,-0.019288718900981897,0.06831953969691394,0.4770809302153678,2,Focused,0.9999,0.0,0.0,0.9999,0.0001
2025-11-14 11:53:31.426,0.41949533312455756,0.15665779969652718,0.257903574889184,0.11959221582745208,0.04635107603471683,0.2588934035409027,0.11453970276585823,0.19683580821058397,0.07340147157636112,0.027617731733081193,0.6074277709782123,2.156524582637067,1.6265587518095428,1.30993297108253,3.5077140693894795,0.1797224961205288,-0.026399070302053643,0.05729088629344734,0.4367552407686235,2,Focused,0.9985,0.0,0.0,0.9985,0.0015
2025-11-14 11:53:32.428,0.39318938786346186,0.184213698581945,0.22553771688875215,0.14156890968198213,0.055490286500523144,0.2975771164445967,0.1234340986073024,0.1770200310807825,0.08228719864771972,0.035696718710646856,0.8167755396098744,1.5931301686513963,1.743341982236989,1.3012298108635663,2.777370829322675,0.2460354959943977,-0.049459312974473923,0.06971160706716074,0.36220994812919355,2,Focused,0.9582,0.0297,0.0036,0.9582,0.0085
2025-11-14 11:53:33.377,0.3372107462923964,0.19170757718885945,0.21420705418269545,0.18915837355210552,0.06771624814743794,0.2754707030238607,0.11686933260015334,0.13036095113787,0.11186298991913476,0.04620296416068472,0.8949638422071535,1.1324216783851404,1.5742279442511389,1.0134765035991742,1.782689934012406,0.31612518665436407,-0.0423751246170543,0.0852458744639473,0.31108466700252807,0,Baseline,0.5639,0.5639,0.0076,0.4187,0.0099
2025-11-14 11:53:34.424,0.35745673918289506,0.16295436103366087,0.19319834398913616,0.21288742433976204,0.07350313073829813,0.33904241394613943,0.10118299002379005,0.10160467632042754,0.13614276948491577,0.05124890166130019,0.8434562596885481,0.9075140793927617,1.8502059246477607,0.7654484706391386,1.679088013303804,0.38045422862366274,-0.022020304115670603,0.06253713884640567,0.27530744908552895,0,Baseline,0.9607,0.9607,0.0011,0.0373,0.0009
2025-11-14 11:53:35.413,0.3581594647896355,0.14948340843017532,0.18296199555450918,0.23297347754663894,0.07642165296467143,0.309601954871626,0.1184928816317969,0.10020282960462368,0.15621473748966327,0.05141704633512848,0.8170188557844612,0.7853339771886363,1.9575619741604244,0.6416327025204971,1.5373400147857408,0.4176913820607603,-0.03943848976443749,0.057599245751703776,0.2699780263344042,0,Baseline,0.9831,0.9831,0.0008,0.0159,0.0002
2025-11-14 11:53:36.389,0.34903854230305487,0.1422022912255785,0.19338195876095707,0.23665079974719802,0.07872640730175806,0.275096967373575,0.11061956387826634,0.10441797264924728,0.15503922483817217,0.05442429010569734,0.7353441075023769,0.8171616187053707,1.8049177208166067,0.6008950122650583,1.474909562641746,0.4071031431015846,-0.05436586740440413,0.07437481637477858,0.29174066280675226,0,Baseline,0.9687,0.9687,0.0014,0.0297,0.0003
2025-11-14 11:53:37.423,0.4353201701390613,0.11541185070437646,0.18896721806230868,0.1851312855854314,0.07516947492759342,0.3750228037907513,0.08103136122350121,0.09637007277911468,0.11447387991458957,0.05237119572717573,0.6107506147379237,1.0207200109778691,2.3036807736605103,0.6234054071701673,2.351413189015235,0.397791065140711,-0.07960377215824208,0.07392773093032268,0.26843733965849936,0,Baseline,0.9767,0.9767,0.0018,0.0204,0.0011
2025-11-14 11:53:38.420,0.4444911819689474,0.1048797879776056,0.20154857110028243,0.17437063916493664,0.07470981912759433,0.32291045622752773,0.06038753692282171,0.08161881631662306,0.10625394982933664,0.05296316351700276,0.5203697659643739,1.1558629394654503,2.2053798619787184,0.6014761571392679,2.549116976381183,0.3706789634525968,-0.10005071233315194,0.06510773223922729,0.2738044898914791,0,Baseline,0.9602,0.9602,0.0075,0.0302,0.0021
2025-11-14 11:53:39.389,0.3535510420351344,0.11313944494265624,0.23893891773771128,0.21793098106660047,0.07643961346314534,0.1548393144001865,0.04988054991557702,0.09375469035457282,0.13711443105479218,0.05917416779729531,0.473507795543688,1.0963971510811452,1.4796711669487168,0.519152619776232,1.622307319875804,0.31991276677634906,-0.08216698808076804,0.0668353348671721,0.32730032497895295,0,Baseline,0.7111,0.7111,0.0254,0.2624,0.0011
2025-11-14 11:53:40.439,0.38740030811074355,0.12555067282860305,0.23023652389557747,0.1910540555390981,0.06575843896879029,0.19745595511992328,0.05263625124711444,0.07828661858550902,0.11136471642443667,0.049035881471186954,0.5453116875254292,1.2050857083094153,1.6826187467122262,0.6571473497532553,2.0276998922666962,0.28561253010616755,-0.08081491383314758,0.08584162485468942,0.30155736754523155,0,Baseline,0.7264,0.7264,0.048,0.2223,0.0033
2025-11-14 11:53:41.377,0.4131239965368242,0.13845922158733556,0.2409548450991777,0.14662232843842932,0.060839607739572296,0.25901515830694516,0.06169599749752194,0.11765555408791772,0.08109784457484695,0.042658195547366426,0.5746272326836717,1.6433706327795417,1.714528625566732,0.9443255581786969,2.817606109251259,0.25249380310071173,-0.1305387870327471,0.09439906218598776,0.33391668307979777,2,Focused,0.6852,0.2557,0.0479,0.6852,0.0112
2025-11-14 11:53:42.370,0.35909718055421896,0.13643599342941787,0.29303499090312024,0.14455781440259688,0.06687402012902276,0.19818521467855027,0.06521031853545024,0.18100584471219516,0.09241395263217426,0.045858518482036766,0.46559623597498073,2.0271126250974216,1.2254412593973354,0.9438160403510257,2.484107533011323,0.22821171506106827,-0.15943533702285906,0.07750288360920825,0.4465651103377341,2,Focused,0.9919,0.0055,0.0021,0.9919,0.0005
2025-11-14 11:53:43.418,0.339907978700769,0.12783702525292998,0.30211619815864227,0.15768894920430412,0.07244984811633184,0.19137647018941756,0.06961382240930446,0.1738747421271819,0.10061182016773448,0.05043369582465859,0.42313858641374946,1.9158995004032977,1.1250901789495589,0.8106910331452087,2.155559783106814,0.23980788239698872,-0.11727033945268253,0.058980279709884384,0.47067244540740544,2,Focused,0.993,0.0059,0.0008,0.993,0.0002
2025-11-14 11:53:44.402,0.3390235405505668,0.13257452296429784,0.28579047192893453,0.16505317296526947,0.077558290982889,0.21117817354145124,0.07018402707192714,0.15400580355882498,0.10090282694870162,0.056267786753945656,0.46388711782663283,1.7315053656921637,1.1862660304931687,0.8032230616975996,2.054026068809011,0.27138164455097163,-0.10862535819479126,0.0666739307845264,0.4255588468804759,2,Focused,0.9567,0.0399,0.0025,0.9567,0.0009
2025-11-14 11:53:45.370,0.2683815364905797,0.145564552627158,0.3208480937596361,0.17690074119557955,0.08830507517248018,0.13296217633003787,0.061625999631581,0.13673633769071902,0.1051823413008849,0.06211024969328552,0.45368680980644954,1.8137180966795892,0.8364753705748507,0.8228600028171922,1.5171305643233817,0.27522392726570105,-0.20357402731534982,0.10316093271987964,0.428704509710925,2,Focused,0.8441,0.1288,0.0158,0.8441,0.0114
2025-11-14 11:53:46.416,0.28257896704616325,0.13521571804062837,0.3091952002464716,0.17877778274440848,0.09423233109862805,0.13881443118040693,0.07555010254335359,0.12586593730519102,0.110785091733538,0.06772187286976193,0.43731504745122873,1.729494449506465,0.9139176729837066,0.7563339717139306,1.580615593851498,0.3047664646018021,-0.21238623331232262,0.10472583699167287,0.38895033886885,2,Focused,0.536,0.4073,0.035,0.536,0.0217
2025-11-14 11:53:47.389,0.36715979289934664,0.11176127608592568,0.2343593585768195,0.18856680171880838,0.09815276989975526,0.2563084710401109,0.06832451657550331,0.09059287621286749,0.13062814168863118,0.0788904624684187,0.47687991636353977,1.2428452092953512,1.5666529361679737,0.5926879447512989,1.947107179426976,0.41881308392236194,-0.07519610277942151,0.07314179247137759,0.2961277092444521,0,Baseline,0.9472,0.9472,0.0051,0.0464,0.0013
2025-11-14 11:53:48.367,0.3162962433745841,0.12105495041740233,0.2722636616687386,0.19925084622599587,0.09113429749403115,0.19301566503293066,0.05813839557881168,0.13953211114687308,0.13176224763779393,0.07069370429352949,0.4446239546959797,1.3664365956848366,1.161727679039823,0.6075504653294862,1.5874272731647994,0.33472808522509623,0.019014204753443953,0.06346890142946081,0.39559218822344766,2,Focused,0.9182,0.0789,0.0015,0.9182,0.0014
2025-11-14 11:53:49.416,0.2667989735349296,0.1412060361405337,0.3440891882044663,0.17631702504413202,0.07158877638928095,0.18640558743944194,0.10505494660005878,0.21890774657960033,0.11622840334953317,0.05486276437271255,0.41037625382423537,1.9515368331729324,0.7753773583336697,0.8008643980724265,1.5131775183727993,0.2080529605778009,0.03573693334872671,0.05395798275468511,0.541406815423897,2,Focused,0.9995,0.0,0.0,0.9995,0.0004
2025-11-14 11:53:50.391,0.30133814519696195,0.13211569047359645,0.32445739350529385,0.17004531598114211,0.07204345416726389,0.23511041820419593,0.09694909154895054,0.20174880889537583,0.11008290925669806,0.058109674745488386,0.40718963120051244,1.908064168381058,0.9287448581583848,0.7769439689759422,1.7721048400376505,0.22204287339089315,0.0032277336968932757,0.051282930250323724,0.5171462023876635,2,Focused,0.9995,0.0,0.0,0.9995,0.0005
2025-11-14 11:53:51.389,0.3247906272834497,0.11405869977950449,0.29819215466902677,0.18608615758310013,0.07687235990017291,0.2170744027057796,0.05827544128842045,0.186370244935802,0.11601477336456716,0.05989401201543368,0.3825006599556429,1.6024412697728525,1.0891990661255149,0.6129348637833036,1.7453775930895488,0.25779470089529705,-0.06297038400147219,0.05937360484099857,0.4828267732208905,2,Focused,0.9938,0.0059,0.0002,0.9938,0.0001
2025-11-14 11:53:52.413,0.31605015444312906,0.1141401739711954,0.31122715462904393,0.1817405417635585,0.07684197440475034,0.16433775400752362,0.05450634865650983,0.19869240312800449,0.11116558884105074,0.058121182764889416,0.3667423250384994,1.7124805202195348,1.015496686543521,0.628039107747895,1.7390183499294378,0.24689995970094505,-0.09788282723447543,0.0634361255502554,0.5057860147393435,2,Focused,0.9978,0.0019,0.0002,0.9978,0.0001
2025-11-14 11:53:53.387,0.2813695223409609,0.12241998347079439,0.3274999534039457,0.18390682132439554,0.08480371863001064,0.13217739340919119,0.059357596667831476,0.20970514914097035,0.11859224862301744,0.06677717701402416,0.37380151801665656,1.7807927581888707,0.8591436756709298,0.6656630566096605,1.5299568825948056,0.2589426812405834,-0.10691736289141439,0.0737520986351402,0.5274987989922919,2,Focused,1.0,0.0,0.0,1.0,0.0
2025-11-14 11:53:54.364,0.2747470950000144,0.11774889885803112,0.313987495579529,0.204075781155197,0.0894407285308744,0.14171597582380904,0.04662026496920314,0.16747831769107935,0.1396248604280512,0.07587232336860418,0.37501141531317034,1.5385827677166546,0.8750255666795139,0.5769861196739627,1.3462993010820807,0.28485441917758164,-0.04443808879952621,0.07605348777174112,0.47786436172310043,2,Focused,0.9888,0.0105,0.0005,0.9888,0.0002
2025-11-14 11:53:55.412,0.34786326277870216,0.10666038699624954,0.26542352313127815,0.19835385662873073,0.08169896966229918,0.21127341675612468,0.04905216125162062,0.13146552624436747,0.13793484285783825,0.06491949561461118,0.40184977472775724,1.338131328834064,1.3105969115656728,0.5377277933073589,1.75375085291287,0.3078060513266206,0.055203942609043294,0.05818802198073219,0.3853533557492454,2,Focused,0.9332,0.0639,0.0018,0.9332,0.0011
2025-11-14 11:53:56.386,0.3562829377277255,0.11765099435867946,0.24726546247059758,0.2012798974277409,0.07752070720158503,0.24348074773710995,0.049353131220624145,0.13514217128652642,0.1311976979674264,0.0563224180750323,0.4758084223533044,1.2284657004791468,1.4408923905463236,0.5845143504992715,1.770086951454061,0.31351205822237493,0.06207789842627977,0.06936044389201836,0.3692488503543706,2,Focused,0.9116,0.0842,0.002,0.9116,0.0022
2025-11-14 11:53:57.373,0.33245937851491003,0.12841745459239448,0.2509503810211902,0.21064768901424274,0.07752509600574631,0.18834656183219836,0.046040348739358965,0.14225649099547022,0.13972803989240706,0.05376844360623898,0.5117244650220566,1.1913274258183206,1.3248011974081253,0.6096314139358895,1.578272063121046,0.30892598210456707,0.00210574219368323,0.0871610074158219,0.38182570382525505,2,Focused,0.9259,0.0704,0.0029,0.9259,0.0008
2025-11-14 11:53:58.419,0.32997710606845054,0.13287693921053959,0.26093120655343527,0.20059354993960424,0.0756211974817194,0.18815987127598338,0.06224609326567347,0.17711916682253975,0.13966800102437654,0.05733548675515528,0.5092412512602843,1.3007955321795865,1.2646133736968017,0.6624187698276399,1.6450034894829215,0.2898127655271679,0.006900250965966803,0.07561812008501032,0.41075928485187335,2,Focused,0.9884,0.0105,0.0007,0.9884,0.0004
2025-11-14 11:53:59.370,0.307802805144187,0.12934569737460092,0.2925901036867059,0.18942381948231723,0.08083757359801533,0.16663061039731672,0.05773913714727544,0.1797790818442231,0.1264895813450342,0.06330519538442027,0.4420713186266411,1.5446319741625711,1.0519931834531164,0.6828375169486022,1.6249423632992304,0.2762826555533351,0.005446330377897324,0.07230987733441553,0.4687732237884751,2,Focused,0.9964,0.0029,0.0003,0.9964,0.0004
2025-11-14 11:54:00.395,0.34575111716666174,0.10923952347042908,0.3012594004438539,0.17118651180125058,0.07256344642878047,0.16425813525050645,0.05091448227524409,0.18034025712712906,0.10170482512555695,0.05025368602110641,0.36260949760700734,1.7598313072428644,1.1476856993687168,0.6381315673745469,2.019733291666984,0.24086698676688878,-0.027727627234035435,0.06500675600671349,0.47962904028682085,2,Focused,0.9999,0.0,0.0,0.9999,0.0001
2025-11-14 11:54:01.397,0.4084442504185506,0.09923885104504579,0.2759628888014382,0.15981166314340192,0.05654234597025569,0.25542016693607505,0.05263059559007794,0.1683567283868921,0.09296350877218909,0.032393089705903357,0.35960939487177396,1.726800573283603,1.4800694303201816,0.620973731724822,2.5557848333897746,0.2048911147687981,-0.04970522659873702,0.04844557514409829,0.44264156937287663,2,Focused,0.995,0.0044,0.0005,0.995,0.0001
2025-11-14 11:54:02.376,0.4277369212503419,0.09299769784476612,0.2683048615322384,0.15036760307092834,0.06059291562908011,0.4207577681881979,0.0516633185821776,0.17930532399827354,0.08024584187280999,0.0320121368891873,0.34661203620222714,1.7843261328200983,1.5942197352124736,0.6184689371965967,2.8446080410186374,0.2258360620999739,-0.053718362894840055,0.04207293103828709,0.42997590181892803,2,Focused,0.9712,0.028,0.0003,0.9712,0.0004
2025-11-14 11:54:03.402,0.3816593564303678,0.09958960288938218,0.28631150513004544,0.15912016354552302,0.07331937123431818,0.40458935005939367,0.05085089960888561,0.2061276026837227,0.09291963270846583,0.04835065312302221,0.3478365263938044,1.79934133272004,1.3330213290828155,0.6258766608301265,2.398560458590614,0.2560825092941715,-0.034464000237594564,0.049307271204790185,0.45527831226060195,2,Focused,0.9888,0.0107,0.0001,0.9888,0.0004
2025-11-14 11:54:04.401,0.3222323240068062,0.11619323869185849,0.28536358830234265,0.20097865323368452,0.0752321949797737,0.2541962345318367,0.06010554184916031,0.21337955481991833,0.14110310459182596,0.055534965154364686,0.4071761057931145,1.419870068349201,1.129199119732858,0.5781371854222992,1.6033160874999752,0.26363627115489763,-0.019836334371560876,0.05673798550337074,0.45755710722253395,2,Focused,0.996,0.0039,0.0001,0.996,0.0001
2025-11-14 11:54:05.399,0.29939388812104645,0.11692765558205112,0.26329414235318394,0.24150140554863672,0.07888290757025689,0.1670777793983307,0.050838664011027844,0.17370311256712842,0.1752767586661827,0.05938157642510484,0.44409514809582196,1.0902385054557096,1.137108004280468,0.4841696489290461,1.2397189782134035,0.2995999222361878,-0.0023284573505068934,0.06969418491370262,0.41336638657329805,2,Focused,0.9686,0.0306,0.0007,0.9686,0.0001
2025-11-14 11:54:06.375,0.27755370677951013,0.11317636905662852,0.295098791344877,0.23365186095041224,0.08051927109722123,0.17295717555451667,0.036501298988785826,0.17244506744223745,0.16158780621735497,0.060581305833693304,0.3835202601326774,1.262984927723971,0.9405450158204398,0.48438032443852275,1.187894219081238,0.27285529704039607,-0.027848545003276257,0.08161404617616544,0.45800314081468385,2,Focused,0.9827,0.0168,0.0004,0.9827,0.0001
2025-11-14 11:54:07.414,0.2585976339342935,0.12428517257560248,0.3445522582000387,0.18852524204760618,0.0840396925361384,0.11196276513104335,0.04009399718361801,0.2374679770835027,0.12277929462121483,0.06300928157003673,0.3607150033429631,1.8276186052414494,0.7505323801384991,0.6592494704328422,1.371686981587977,0.24390985139980847,-0.06191804588900429,0.09632266713881049,0.5576901141599147,2,Focused,1.0,0.0,0.0,1.0,0.0
2025-11-14 11:54:08.379,0.2607951854719386,0.1318874835309785,0.3342775535849211,0.1697073075490984,0.10333246906226021,0.0973566495616168,0.0401059723277879,0.2034611895569769,0.10728869081475355,0.08307999507191523,0.3945448271088446,1.9697297583423916,0.7801755603190078,0.7771467102048906,1.5367350638636272,0.3091217608327735,-0.018449456594347075,0.10523834299944895,0.5371294119468017,2,Focused,0.9991,0.0,0.0,0.9991,0.0009
2025-11-14 11:54:09.389,0.2829134314231757,0.11757878006742721,0.30181565799585,0.18353092634339802,0.11416120330919147,0.08943838027434942,0.033163172296707503,0.18811512516292583,0.10837010317451451,0.09524601667187226,0.38957149192481266,1.6444947321095433,0.937371586113501,0.6406482874768854,1.5415026864671293,0.37824810112495955,0.02493601776129814,0.09670135458041573,0.4594649871975027,2,Focused,0.9946,0.0029,0.0008,0.9946,0.0017
2025-11-14 11:54:10.413,0.26294195262460845,0.12076095768491044,0.3064923816182591,0.20543360924869877,0.10437109797513422,0.09108435329367849,0.02537738564787731,0.1995524013614807,0.11539117328920175,0.07708807763149046,0.3940096426123362,1.4919290364408084,0.8579069491294473,0.587834445630424,1.2799363297313566,0.340534058362956,0.03087750558729306,0.09980553461285625,0.4961801195617416,2,Focused,0.9994,0.0,0.0,0.9994,0.0006
2025-11-14 11:54:11.389,0.23764316613700812,0.134996059821829,0.31550114189244793,0.21981842918261832,0.09204120208056855,0.07877185391240274,0.03318323856549303,0.2079687769371911,0.14466458348553288,0.06162810925445734,0.42787818368361513,1.4352806027811862,0.7532244009619938,0.6141252768594107,1.0810884065079798,0.29173016177115174,0.02954383810395894,0.10740260873479687,0.5220313112558093,2,Focused,0.9997,0.0,0.0,0.9997,0.0003
2025-11-14 11:54:12.387,0.2309369597406442,0.1441824901938413,0.3280778800714151,0.20997921369730807,0.08682345537035363,0.10539080783546292,0.048159737404557486,0.20261558319171594,0.14092614121084202,0.06524708781483418,0.4394764004439801,1.5624301980673578,0.703908939704454,0.6866512203211356,1.0998086176066038,0.26464281195984934,-0.013226360263022735,0.10655475401290722,0.5103323317091762,2,Focused,0.9997,0.0,0.0,0.9997,0.0003
2025-11-14 11:54:13.421,0.1855033752787572,0.1481959683855512,0.37821102035026555,0.1959633808404639,0.09212625419259805,0.08019514012146076,0.05629323245199407,0.23298025909318879,0.1260573264070305,0.07132506144365974,0.39183407276172044,1.9300085527616306,0.4904758465319227,0.7562431316888126,0.9466226037585647,0.2435842606369224,-0.06804521985398382,0.09718129577937207,0.5982815465909316,2,Focused,0.9999,0.0,0.0,0.9999,0.0001
2025-11-14 11:54:14.403,0.1641422311084015,0.13661053061960376,0.4155870350841155,0.19077619904558968,0.09288400316809017,0.053277918679419466,0.04105970458751096,0.27417504326233766,0.1291788364819279,0.07154798208011771,0.3287170094340972,2.178400740654213,0.39496474457036757,0.7160773940473785,0.8603915128074305,0.22350071848194955,-0.10313443845449538,0.09966001545673611,0.6855681919581427,2,Focused,1.0,0.0,0.0,1.0,0.0
2025-11-14 11:54:15.371,0.18496669764017198,0.12973333903169612,0.38069684520473923,0.21730576317312694,0.08729735398906707,0.078641789859842,0.04710861921516845,0.2574612963552874,0.14582898040131423,0.06390549136490493,0.3407785939338148,1.7518947593787075,0.48586347670431024,0.5970082485030801,0.8511817009703166,0.22930936464426124,-0.0972244576599442,0.09348761870386671,0.6288915874133554,2,Focused,1.0,0.0,0.0,1.0,0.0
2025-11-14 11:54:16.418,0.21211860042038586,0.13349998644643002,0.3145496546238817,0.25045939997767364,0.08937235770819889,0.10906186243493153,0.07674008031563062,0.20390463079152524,0.15797329665853807,0.06862795625654337,0.4244162415689133,1.2558907435417226,0.6743564666458115,0.5330204461406758,0.8469180712327576,0.2841279701094726,-0.08138831257325219,0.07357665793415842,0.5110863726062957,2,Focused,0.9912,0.0086,0.0001,0.9912,0.0
2025-11-14 11:54:17.377,0.24945694476996066,0.13003910216719816,0.27613813215188626,0.24776124791317744,0.09660457218234422,0.13359188298729477,0.08642151204300608,0.17643625084228254,0.15218553287574085,0.07545365345543133,0.4709204644958892,1.114533137576549,0.9033773560798061,0.5248564818506352,1.0068440355488406,0.3498414649621569,-0.06335391256211416,0.06827643894610175,0.4385622698216721,2,Focused,0.9019,0.0971,0.0008,0.9019,0.0002
2025-11-14 11:54:18.371,0.2693685554454817,0.13455721174557883,0.29209152127587934,0.20347255391941257,0.10051015673137911,0.11575160448588125,0.0852434970629628,0.1586489381682569,0.11366884057711694,0.06422519694399571,0.46066796650290437,1.4355327108944538,0.9222059751916057,0.6613039574164487,1.3238568888932267,0.3441050012382853,-0.043857565487848485,0.07765620252363264,0.4497235029803115,2,Focused,0.966,0.0324,0.0009,0.966,0.0007
2025-11-14 11:54:19.416,0.25128521990357916,0.13136440240674327,0.32421006505019356,0.17640669189609742,0.1167336199659597,0.109615796612926,0.05505595325841019,0.17237648780757342,0.07316700742919253,0.0565634107310505,0.4051829739911867,1.8378557139011165,0.7750691272153578,0.7446678668938337,1.4244652680575864,0.36005549780612844,-0.0036369167960528803,0.08520014941944039,0.4962972682067137,2,Focused,0.994,0.0033,0.0003,0.994,0.0023
2025-11-14 11:54:20.416,0.2787048677921271,0.11360490448089647,0.29910410795054,0.18845416572654894,0.12013195331288791,0.11479989569577892,0.036017183556930066,0.15539100084234087,0.07660120844113713,0.059146522962376005,0.37981725313351333,1.5871450276832628,0.931798832131806,0.6028250848935267,1.4788999326633858,0.40163924902148285,0.047301477611476406,0.07929007757667171,0.45184403424829866,2,Focused,0.9849,0.0117,0.0004,0.9849,0.003
2025-11-14 11:54:21.391,0.2910626894261,0.10055808335531102,0.27800312350422185,0.2232970845671862,0.10707901828721209,0.07901812578570129,0.033318808281790485,0.12575296264511757,0.12201416656229973,0.059576669181732454,0.36171564718634336,1.2449921215637474,1.0469762903650142,0.45033314719218104,1.3034772798556244,0.3851719832704186,0.0442967632590143,0.0685670500936534,0.4022079743674699,2,Focused,0.921,0.0769,0.0016,0.921,0.0005
2025-11-14 11:54:22.414,0.22650058856402766,0.1052544609467622,0.31910652893544716,0.23846703754835516,0.11067138306848508,0.049606740079733314,0.04806915935106817,0.15721099630759958,0.14298409927902586,0.06949335814055214,0.32984112860205095,1.3381577547763295,0.7097961368000892,0.44137947791473886,0.9498192345342767,0.3468164063252651,-0.03582725219002811,0.06744597719781091,0.471989027539771,2,Focused,0.9716,0.0278,0.0005,0.9716,0.0001
2025-11-14 11:54:23.389,0.1937025125178169,0.12897996970123077,0.33736011070898314,0.22033743332615868,0.11961997287301031,0.07221877905557479,0.05260145644178264,0.19080821494881275,0.12473085572175498,0.0801974714944192,0.3823213290005096,1.5311065864080098,0.5741713398452049,0.5853747223085716,0.8791175462224324,0.35457650602454593,-0.07504011076358418,0.08443697287890387,0.525891975136092,2,Focused,0.9916,0.008,0.0002,0.9916,0.0003
2025-11-14 11:54:24.367,0.18303065138275468,0.13512572789649668,0.3648469682398634,0.20184526275941517,0.11515138886984462,0.07408350831938161,0.0392040079039187,0.20672428396618234,0.11886381314870911,0.08385589664888601,0.3703627437135034,1.807557656674647,0.5016641559312129,0.669452031495217,0.9067869109865846,0.31561557512514193,-0.07224140681211856,0.09666680640751718,0.5698602492469513,2,Focused,0.9997,0.0,0.0,0.9997,0.0003
2025-11-14 11:54:25.416,0.20686358826611156,0.1175415234728405,0.3613404317461142,0.20485591938741135,0.1093985362553867,0.10988461641377,0.035002265877346374,0.20722824640241258,0.132680368642673,0.07830982053500635,0.32529301980382197,1.7638758752389767,0.5724894431037932,0.573776525894708,1.0098003454657318,0.3027575206548636,-0.016535754778486622,0.08314277871939701,0.5638370988603114,2,Focused,0.9998,0.0,0.0,0.9998,0.0002
2025-11-14 11:54:26.382,0.22446748149350823,0.10380501998945511,0.31709756938464506,0.24295037921643675,0.11167954896730507,0.1411956380122695,0.03080478901491045,0.19288431161507252,0.16603949584765815,0.07816496838670589,0.3273598625095077,1.305194737112164,0.7078814096566317,0.4272683831635212,0.9239231195202462,0.3521930037562216,0.03758013012373336,0.07336494670497955,0.5001056235829895,2,Focused,0.9928,0.0068,0.0001,0.9928,0.0002
2025-11-14 11:54:27.381,0.22068754065865806,0.11113141010662894,0.30943837320185696,0.24822665695680393,0.11051601806467715,0.11191569612004336,0.034989398314716876,0.18272638364517224,0.1674865414852642,0.08141921391806838,0.35913906011502855,1.2465960124087112,0.7131873504997479,0.44770133470779705,0.8890565359646142,0.35715032156364346,-0.0014204044950988648,0.08640195479140547,0.4823856847921183,2,Focused,0.9825,0.0171,0.0002,0.9825,0.0002
2025-11-14 11:54:28.403,0.21291017472264512,0.12146348460086234,0.305733761853125,0.2529408887648486,0.1069516890687128,0.09387750878559882,0.030165816845873095,0.17659504901755266,0.16913131155919267,0.08339925543517969,0.39728514080941507,1.2087161994998536,0.6963907632190778,0.4802050012235594,0.8417388242167242,0.3498196761857652,-0.06470998981924422,0.09767396610126156,0.44337765305676824,2,Focused,0.944,0.0547,0.0011,0.944,0.0003
2025-11-14 11:54:29.378,0.1724742939908025,0.12388560039871525,0.3259439832543432,0.2809971755625486,0.09669894580257027,0.06607958272356626,0.030183621978943947,0.1604243006068089,0.18318847929027832,0.0731308003982156,0.38008247724339517,1.1599546187689118,0.529153159930197,0.4408784385178083,0.6137936707284585,0.296673501594838,-0.07352253184387172,0.10138084374686251,0.4539700556571485,2,Focused,0.9275,0.0713,0.0009,0.9275,0.0003
2025-11-14 11:54:30.364,0.24840749151027555,0.11961570431919913,0.3083144305360025,0.23797854627752305,0.08568382647619215,0.051394419572993,0.025309461617540607,0.12635831362265684,0.14087716484725357,0.06021678172357959,0.3879665970599628,1.2955555128944307,0.8056952865341658,0.5026322799425134,1.04382300403819,0.2779105199459079,-0.00779963188503624,0.09625111917107702,0.4307646277215957,2,Focused,0.9644,0.0328,0.0024,0.9644,0.0003
2025-11-14 11:54:31.436,0.4383525359708026,0.10291732880200097,0.22489062221716816,0.1601172909953443,0.07372222134318097,0.19757534734945756,0.008457271816786406,0.06149454999544524,0.07797739573047423,0.050301757530017976,0.45763279593886197,1.4045366791669018,1.9491809491980199,0.6427620760669297,2.737696259216538,0.32781366042846233,0.052130735716949206,0.09962613756634038,0.27469320674909353,0,Baseline,0.5183,0.5183,0.1365,0.3293,0.0159
2025-11-14 11:54:32.384,0.4513341417783033,0.10162133451686817,0.2219979439079318,0.1470636614948818,0.07798291759330557,0.19578610638959681,0.012294388151935171,0.07865436802494881,0.07065281898890932,0.05478408983756988,0.4577579780713345,1.5095362549523859,2.033055412598456,0.6910022950188951,3.0689709918877615,0.3512776411698239,0.0501246241581971,0.1018007453119681,0.26464310802503455,0,Baseline,0.4188,0.3625,0.1963,0.4188,0.0225
2025-11-14 11:54:33.370,0.33871081402293535,0.13194226318227037,0.2757433445936877,0.16898688444666185,0.0846166929383302,0.18064717902897115,0.039463473871094466,0.12105225368976293,0.08916482386485126,0.056631388783555434,0.4784966200788027,1.631743961545621,1.228355310763631,0.7807839987491808,2.0043614336604327,0.3068675691677657,-0.0555024969908699,0.11507306651458522,0.3691240464451561,2,Focused,0.8835,0.0995,0.0115,0.8835,0.0055
2025-11-14 11:54:34.417,0.3431750204437069,0.14202686274346926,0.2804097283528634,0.1622192017356518,0.07216918599661683,0.2719076719265029,0.05932790125361329,0.13945982916267902,0.08340800417593688,0.04471406784708502,0.5064976115941623,1.728585198711308,1.223834173732799,0.8755243058073328,2.115501713834832,0.2573704694442538,-0.10276705950589972,0.11430544055848366,0.38943186871243685,2,Focused,0.8959,0.094,0.0032,0.8959,0.0068
2025-11-14 11:54:35.382,0.32670475390611553,0.12454160705940492,0.2957214008982242,0.17639597950756675,0.07663625791550467,0.17291345348553872,0.06687222271208458,0.18254647876519775,0.10200344925577198,0.054400318552703754,0.42114504553837434,1.6764632899181577,1.1047720654171862,0.7060342324509739,1.8521098740292001,0.25915018355529185,-0.0506550342514705,0.06473927961545176,0.4677812495801007,2,Focused,0.9965,0.003,0.0003,0.9965,0.0002
2025-11-14 11:54:36.401,0.28400074301662337,0.10644345415533796,0.3284820268236122,0.20391282039569728,0.07716095489682535,0.21140205538647547,0.07153975156013438,0.2423162511345857,0.13396640780969135,0.06125945247431657,0.3240464994208977,1.6108943521905204,0.8645853081126798,0.5220046916556557,1.392755632225367,0.234901596577286,0.01192386273694132,0.0368025256634449,0.5629555395917575,2,Focused,1.0,0.0,0.0,1.0,0.0
2025-11-14 11:54:37.422,0.27403806095741606,0.1042946648138068,0.35700364234310283,0.20158647928558435,0.06307715193585489,0.24345515875344398,0.06178253830401755,0.27630094880440603,0.13696514288747963,0.04494565964555437,0.29213892947395703,1.770970086379854,0.7676057630190527,0.5173693196574013,1.35940688251776,0.17668489249861738,0.022635332508530517,0.053562249321069,0.6077872051276851,2,Focused,1.0,0.0,0.0,1.0,0.0
2025-11-14 11:54:38.387,0.2616183184350196,0.11512854210457699,0.37477433965034546,0.19429449857867392,0.05418430053167446,0.2010418144921183,0.04917219798445644,0.26754653663348604,0.13242329278261514,0.03478873729285598,0.30719429494571565,1.9288982606453413,0.6980689011377181,0.5925465570117182,1.3465039251435398,0.14457846590148707,-0.0020622137807419227,0.07742098357466427,0.6410991729560334,2,Focused,1.0,0.0,0.0,1.0,0.0
2025-11-14 11:54:39.386,0.21975190846426015,0.133467292451317,0.38565011755127804,0.2013441264146724,0.0597865542656566,0.1195640564396818,0.04043788964877478,0.26605109317335035,0.13444304157301604,0.0407789525731218,0.3460838799633756,1.9153779415608294,0.5698219519842913,0.6628814468003099,1.0914244257487418,0.15502796445388722,-0.005670575846831907,0.09842036907045242,0.647185701410874,2,Focused,1.0,0.0,0.0,1.0,0.0
2025-11-14 11:54:40.427,0.24374503570501774,0.14041204718574213,0.3381422168577888,0.200374978430177,0.07732572092852072,0.17551239295720714,0.06140721121516557,0.19705301230096842,0.1466422960733184,0.05658322702109505,0.41524552697996725,1.6875470312284928,0.7208358387239482,0.7007463770093759,1.2164444156160417,0.22867809692707003,-0.00631696033676471,0.09880392682807601,0.5288506379952407,2,Focused,0.9996,0.0,0.0,0.9996,0.0004
2025-11-14 11:54:41.402,0.2818564540741641,0.13008348162146438,0.30821141400451274,0.19782414845307603,0.08202450101558478,0.23930686647456156,0.06416644318845313,0.15262442922574992,0.13391489081466235,0.05661275394089399,0.4220592472898076,1.5580069512977133,0.914490613008677,0.6575712624720719,1.4247827781914744,0.26613063185608526,-0.031813265969281856,0.08948165663243517,0.44063709753396163,2,Focused,0.9609,0.0376,0.0004,0.9609,0.001
2025-11-14 11:54:42.382,0.31343992070377863,0.11293949684667033,0.2927390491952569,0.2015811696661093,0.07930036278199953,0.30306726881435064,0.03734528390312729,0.11637473501809524,0.11195898729594991,0.052646114431980494,0.38580262284487193,1.4522141882498043,1.070714381488513,0.5602680618981327,1.554906669476523,0.27089095319222917,-0.046768361008239806,0.0833290348698432,0.40765414048119064,2,Focused,0.6585,0.3377,0.0012,0.6585,0.0026
2025-11-14 11:54:43.415,0.34945911335108093,0.11460048655914362,0.24809972741914157,0.2048166483771738,0.0830240234802319,0.3699121190822497,0.04101813593820338,0.11330499798436296,0.0986577552376702,0.05233186257710943,0.46191296996633535,1.2113259213626129,1.408542858554913,0.5595271764863219,1.706204544688671,0.3346397071753868,-0.041375886925458794,0.08329236661373021,0.3586651145769042,0,Baseline,0.8006,0.8006,0.0012,0.1946,0.0036
2025-11-14 11:54:44.389,0.2925149034877991,0.12605778423018424,0.25952821659908104,0.22746877896643544,0.09443031586763702,0.2543849407439237,0.05935501291960815,0.11284401562143037,0.10312034339674463,0.05129872258728257,0.4857189750882789,1.140939896758215,1.1271024632695383,0.554176178643941,1.28595621762844,0.3638537399383262,-0.011942541713157784,0.0768092481465911,0.3715072798954831,0,Baseline,0.6453,0.6453,0.0005,0.352,0.0022
2025-11-14 11:54:45.381,0.2721015216045365,0.11368568631917358,0.29157697238540264,0.22718548729435567,0.09545033156037476,0.1599590624629314,0.05407724435681247,0.14466775020272307,0.11227375265608933,0.05378775954053632,0.3898993857097586,1.2834312746980383,0.9332064533299692,0.5004090827676175,1.1977063890305675,0.32735893889665735,0.02334658516938437,0.06408505531258679,0.4292855392868397,2,Focused,0.9529,0.0462,0.0003,0.9529,0.0006
2025-11-14 11:54:46.399,0.3528050517675768,0.10251357553557945,0.2825136871583031,0.18180483576168596,0.08036284903554355,0.2383544528982401,0.041371644933709255,0.17719822410780361,0.10487750504868146,0.05185362009892776,0.36286231983342465,1.553939258190228,1.2488068908385948,0.5638660240660287,1.9405701222619882,0.28445647005395713,0.01286968757081744,0.0617524482562955,0.4592238030099886,2,Focused,0.9946,0.0049,0.0002,0.9946,0.0003
2025-11-14 11:54:47.384,0.4339976753833592,0.10396172786208553,0.2576372841790351,0.14473158775710995,0.05967172419822101,0.3477882877855245,0.046386734382160386,0.16813244237869365,0.08926358220485427,0.03968067572696262,0.4035197163258567,1.7801039176766682,1.6845297058653679,0.7183070557719895,2.9986380452435726,0.2316113604141272,-0.024933049307707247,0.06244545640494539,0.422834867276921,2,Focused,0.9866,0.0117,0.001,0.9866,0.0007
2025-11-14 11:54:48.392,0.5017091350949304,0.13909768100971903,0.19674723472471534,0.11650778295809562,0.0459381657031328,0.38778408025759575,0.082451789932636,0.10366661375513218,0.06787276938332085,0.03210392635453693,0.7069866782853382,1.688704504045317,2.550018607868748,1.1938916486019808,4.3062281273784,0.23348822885631018,-0.029263934075730746,0.06943316837420456,0.2988047640350524,2,Focused,0.5899,0.3405,0.0502,0.5899,0.0194
2025-11-14 11:54:49.407,0.4646086399190852,0.16982101722409573,0.18061885664576105,0.12661816470310427,0.058333320944812625,0.29646387398885027,0.09153277118802675,0.07970692949387748,0.07623105874662842,0.04502376188974193,0.9402174887807119,1.4264844448222238,2.5723151105266284,1.3412056967516233,3.669367695502678,0.3229636085538003,0.025172188657652583,0.08573422923192386,0.2596161750480378,0,Baseline,0.5365,0.5365,0.1497,0.2656,0.0481
2025-11-14 11:54:50.383,0.3364466816760153,0.15178288004359244,0.22766097289101908,0.18200302738610125,0.10210643714920871,0.17830141935288465,0.06231691068384132,0.10627281597012342,0.12372195358499417,0.0869469762501031,0.6667057223250707,1.2508635908534818,1.4778407674584793,0.8339579505016734,1.8485772902914654,0.4485021361701091,0.08748823721517969,0.0921456077575189,0.32342202168426326,2,Focused,0.5305,0.3871,0.0272,0.5305,0.0552
2025-11-14 11:54:51.375,0.31465927220187395,0.11687748595246068,0.22695994967378114,0.20274205245025653,0.1387612386566444,0.2281474652907596,0.046659840548855136,0.0836136740883239,0.13263296402725777,0.13470325972901973,0.5149696277724648,1.1194517157951205,1.3864087421153346,0.5764836587924964,1.5520177135372524,0.6113908323569127,0.04198403716973445,0.0784060619279889,0.307030166752647,0,Baseline,0.9815,0.9815,0.0022,0.0143,0.002
2025-11-14 11:54:52.397,0.3605641908650346,0.13533908109401016,0.20669155189538524,0.18274450982321555,0.11466066539625908,0.2564192577937693,0.061759893856185154,0.07621615292353255,0.11071430968258562,0.11229673881553198,0.6547876451894569,1.1310410407673823,1.744455301216072,0.7405917355274745,1.9730506349182964,0.5547428465139441,0.03702740253291738,0.08143521022805617,0.28173189429725864,0,Baseline,0.9729,0.9729,0.0053,0.0187,0.0032
2025-11-14 11:54:53.395,0.3339231017367857,0.1451045128666856,0.2639675518940784,0.17306146736724506,0.0839433653735036,0.2598467569360351,0.0815858576545801,0.13471232453380763,0.1084503726791359,0.06718809052965977,0.5497058495578003,1.525281974416098,1.2650156683675329,0.8384564553252173,1.9295056694112478,0.31800636703682306,0.04594262074414947,0.07725564797773612,0.39764838493671095,2,Focused,0.899,0.0746,0.0039,0.899,0.0225
2025-11-14 11:54:54.383,0.2915575611010613,0.1348271618556368,0.3070537935993055,0.18839150865718626,0.07816997403851153,0.26110569523530475,0.08564501784914827,0.1871901606076144,0.127169893973335,0.05078148939563323,0.43909946815569023,1.629870579036244,0.9495324848069093,0.7156753277252367,1.5476151112280432,0.25458070579878117,0.01019363848913056,0.07130209346431884,0.4938488602917519,2,Focused,0.9946,0.0043,0.0001,0.9946,0.001
2025-11-14 11:54:55.411,0.3683008711083152,0.1192003912978646,0.2508965832218195,0.18433682132878174,0.07726533234685129,0.25179927791855605,0.06850892439676011,0.1576247270589747,0.12749584734876637,0.03832504286436935,0.47509768772539157,1.361076793027446,1.4679389081329524,0.6466444629573768,1.9979776610753206,0.3079568811782966,-0.03506702660306006,0.08056067285020699,0.4044096448178416,2,Focused,0.945,0.0536,0.0009,0.945,0.0005
2025-11-14 11:54:56.399,0.44473384830502705,0.11593985804128736,0.19490234134194753,0.16764432715597602,0.07677962458066415,0.31588627488995935,0.06252101603373923,0.0990351943115072,0.10203026447764006,0.026905047943633405,0.5948612586919283,1.1625942435539038,2.2818290556421315,0.6915823105519938,2.6528414609748934,0.3939389343023251,-0.0910782868389004,0.09339757132408003,0.27964850434309096,0,Baseline,0.8896,0.8896,0.009,0.0975,0.004
2025-11-14 11:54:57.379,0.44753659036102067,0.15833040061637438,0.1905910543748419,0.14056298755465618,0.06297896665156547,0.3007821427594685,0.08811932991240298,0.08372049756626089,0.07480950802754387,0.02325328636756311,0.8307335977985864,1.3559119945541351,2.348150957805846,1.126401708634661,3.1838862157660066,0.3304402903574881,-0.04522600330807766,0.07927548274076951,0.2707354165984999,0,Baseline,0.7163,0.7163,0.0418,0.2288,0.0131
2025-11-14 11:54:58.432,0.45618616508133447,0.21000649962862245,0.1940130570691423,0.09950045412699073,0.04029382375872383,0.29189375195482425,0.17519129835625158,0.12107411995677676,0.05766101460953477,0.018819030254812227,1.0824348215359145,1.9498708751903588,2.351316702388706,2.1106082415916654,4.5847641926485085,0.20768613355493185,0.007488127334737485,0.05805953627037559,0.30858786585559694,1,Relaxed,0.5844,0.1356,0.1458,0.5844,0.1343
2025-11-14 11:54:59.408,0.41683325185437536,0.21242459394784655,0.24409678756540054,0.09281237330398706,0.03383299298285743,0.21062211887089713,0.16624534704412136,0.18509927611303198,0.06513689008709918,0.019587977239580417,0.8702473611556985,2.630002364726632,1.7076555530913664,2.2887527115007416,4.491138326758914,0.13860482120332857,-0.024202866125456426,0.046606447191955794,0.4240229987488685,2,Focused,0.9717,0.0024,0.0046,0.9717,0.0213
2025-11-14 11:55:00.378,0.2982901963972801,0.1712133276021261,0.32675726453885506,0.15088199273406958,0.05285721821632271,0.2031423988069445,0.14707240096503388,0.2792325868843092,0.11584446657194841,0.0342838214075415,0.5239770953646112,2.1656477155513816,0.9128800477915913,1.134749834305226,1.976976650575207,0.16176294251113116,-0.058287352549005016,0.046530414347040076,0.5771998516115928,2,Focused,0.9999,0.0,0.0,0.9999,0.0001
2025-11-14 11:55:01.396,0.22675501275069918,0.13515293437039919,0.3308690251050427,0.22072265586808287,0.08650037117354067,0.12732623407607135,0.07003833634206495,0.2657165821654618,0.1543964721661826,0.05646003106883613,0.40847864269768097,1.4990260461188427,0.6853316227633998,0.6123201431935165,1.0273299838006742,0.2614338665631825,-0.05584768576182762,0.06759054230218088,0.5505155491557211,2,Focused,1.0,0.0,0.0,1.0,0.0
2025-11-14 11:55:02.404,0.32769716076204275,0.12358329941334528,0.25331994977563405,0.20541151149886835,0.08998807781763384,0.1508098560369801,0.05053842111958594,0.12657576003869322,0.10788565581837906,0.053223615359003246,0.48785456749165457,1.2332314561869873,1.2936097141823515,0.6016376224253133,1.5953202545352263,0.3552348496239161,-0.09523676535866332,0.11303000484660151,0.34848475825933634,2,Focused,0.6193,0.3645,0.0127,0.6193,0.0035
2025-11-14 11:55:03.382,0.37696984842295306,0.11637083835880911,0.21543468279357597,0.20572753631775376,0.0854970933670277,0.20910891433934636,0.07216350833062864,0.10519083382650289,0.09463112088868182,0.048904716585939485,0.5401675879117236,1.0471844274117244,1.7498103185458433,0.5656551125101646,1.832374201560297,0.39685852013142947,-0.2179955694774195,0.14653635751443622,0.2067710718869057,0,Baseline,0.9421,0.9421,0.0195,0.0196,0.0188
2025-11-14 11:55:04.408,0.3720267999663542,0.11451420470262588,0.23875736023922628,0.19348558731651502,0.08121604699442843,0.20718845429076083,0.031749023740342164,0.10145855495294707,0.09372370665846937,0.05128266127820049,0.47962584186568474,1.2339800147948639,1.5581793332436051,0.591848728230127,1.9227622372210529,0.3401614237627633,-0.2253714550735335,0.10709440071925033,0.2634782266634224,0,Baseline,0.8585,0.8585,0.0456,0.0556,0.0404
2025-11-14 11:55:05.374,0.34165401460503597,0.12064935159744569,0.25097969430157935,0.19784911299032104,0.0888678256646479,0.35721932349601576,0.0599170178136399,0.11887039360658833,0.11511869137059276,0.05946945004148588,0.48071357774998574,1.2685408482394815,1.3612814452697801,0.6098048339761808,1.7268411880792114,0.3540837133103941,-0.1425518280360626,0.07606626422286365,0.34293251102585665,0,Baseline,0.9354,0.9354,0.0009,0.058,0.0057
2025-11-14 11:55:06.385,0.27244469001984234,0.14109908385344094,0.2762209558401637,0.21336823365971022,0.09686703583373603,0.28151044594313784,0.07061968868133466,0.1599261795609406,0.13627622781366724,0.06469433869281847,0.5108196020684703,1.2945738836407819,0.986328786416211,0.6612937400303694,1.2768755338041309,0.35068676101070656,-0.13403316598295617,0.0814431754409179,0.40598452190377926,0,Baseline,0.5494,0.5494,0.0009,0.446,0.0038
2025-11-14 11:55:07.418,0.2502270140750584,0.1524934274247389,0.3030091677181111,0.2079115106789621,0.08635887942050252,0.2671559880968716,0.09528924598690566,0.20580776993250516,0.14519596623805198,0.05839762455629523,0.503263394769525,1.4573947933649625,0.8258067163491798,0.7334534754339336,1.2035264484522528,0.2850041707345315,-0.08001905725643531,0.06656551934050547,0.486265580751143,2,Focused,0.9751,0.0244,0.0001,0.9751,0.0004
2025-11-14 11:55:08.407,0.2776132032767973,0.15204883568180785,0.27891184451896006,0.21506122149895043,0.07636489432221107,0.3473988167719248,0.12943330232282166,0.19497012798206095,0.14540070448488956,0.05043212208001002,0.5451501369278364,1.2968950404262949,0.9953438650199986,0.7070025342180276,1.2908565683450581,0.27379579994517544,-0.03657954143828479,0.05216159296375771,0.46469765916710903,2,Focused,0.8958,0.103,0.0005,0.8958,0.0008
2025-11-14 11:55:09.390,0.32227845062179744,0.1379360923753407,0.2255022277335625,0.2231505297324056,0.09113269875617022,0.33921125655776385,0.10634857508318013,0.14451425938234452,0.12745979020641937,0.06816334055977424,0.6116839183579024,1.0105385718716027,1.4291585478747173,0.6181302207054884,1.4442199019920032,0.4041321260139608,-0.020722113902054945,0.05551475328287286,0.36891201714108424,0,Baseline,0.8048,0.8048,0.0004,0.1936,0.0011
2025-11-14 11:55:10.439,0.31581648054552175,0.1276395466747254,0.2205379384955878,0.22495088748217087,0.11105514595945752,0.2032101075365415,0.05748068222752315,0.13027760915581008,0.12800618905100675,0.08552826860036815,0.5787645507062429,0.9803825677693381,1.4320278333043446,0.5674107020837373,1.403935187991649,0.503564791080295,-0.021053940621376124,0.0751875573716191,0.3493403214356753,0,Baseline,0.7838,0.7838,0.0028,0.2119,0.0015
2025-11-14 11:55:11.382,0.2637656200869537,0.12985046083329604,0.28957020455602,0.22325564410533244,0.0935580695664663,0.14402161979365782,0.051555882547478955,0.14928832541812972,0.1380352671356368,0.059882888909499894,0.44842478371744027,1.297034136566146,0.9108865719886595,0.5816222722495187,1.1814510192091645,0.3230928626755106,-0.07891376714635821,0.09197221813686891,0.4325422285186279,2,Focused,0.9009,0.0969,0.0015,0.9009,0.0007
2025-11-14 11:55:12.380,0.21772659999955915,0.1427687594882291,0.36017314576952086,0.1994673333745924,0.0798641606107017,0.1261478735950362,0.05330925900777373,0.1589389561305356,0.12985493795972547,0.048550610145674085,0.39638922890630013,1.8056747519473844,0.6045053511397308,0.7157500424523856,1.0915400802760806,0.22173823709895732,-0.19534401119623843,0.10372612484968396,0.5002778320260375,2,Focused,0.9764,0.0207,0.0012,0.9764,0.0016
2025-11-14 11:55:13.404,0.22129649184182543,0.14627424039910625,0.351007446981539,0.19171114517834398,0.08971067487676435,0.15257941939189154,0.050332350828584844,0.1330753707540504,0.12831312629285635,0.06074430171197626,0.41672687428631877,1.8309182199387708,0.6304609416131702,0.7629928486061809,1.154322457845288,0.2555805385111309,-0.2333001645297285,0.1098122064857653,0.4541562285435846,2,Focused,0.7574,0.2099,0.0104,0.7574,0.0222
2025-11-14 11:55:14.376,0.25019271694816686,0.1450697975689967,0.28112941443126144,0.2203018718097392,0.10330619846743408,0.16824114913173008,0.04479254127054424,0.09700004257347149,0.1524593365095143,0.07282640577275505,0.5160249513635223,1.2761099093745152,0.8899556403756702,0.6585045773430311,1.1356812519842316,0.3674684664418446,-0.09683241510049173,0.11164625009004622,0.3716296310121085,0,Baseline,0.8026,0.8026,0.006,0.1854,0.0061
2025-11-14 11:55:15.386,0.2854736576581503,0.15731313429638663,0.23773187256498626,0.21928316156831087,0.10019817315931225,0.1892546539095434,0.05778280462985509,0.12082312457289672,0.15696775197445376,0.07481668401068216,0.661725018113141,1.0841318595710308,1.2008219283760284,0.7173972045884086,1.3018493649852187,0.4214755382333799,-0.0032571126890409557,0.1025120936086587,0.356521596672557,0,Baseline,0.5684,0.5684,0.0056,0.4206,0.0054
2025-11-14 11:55:16.419,0.2928923629308433,0.1503361432130294,0.2530530016263856,0.20735962467724384,0.09635886679652585,0.2633821407416466,0.07503678130423025,0.12443415675474818,0.14178261073888182,0.07572590347927474,0.594089523957098,1.2203580606238225,1.15743480406895,0.7250019679434151,1.4124849486098465,0.38078529940118916,0.008460187691384263,0.07577454720277381,0.3723860203855832,0,Baseline,0.5378,0.5378,0.0018,0.4532,0.0071
2025-11-14 11:55:17.369,0.28646608916659405,0.12373824376789838,0.2742984130939465,0.22433065443063743,0.09116659873288135,0.28880160298902213,0.061427271180281975,0.10898325669626922,0.14908502139219912,0.07141169475230526,0.451108112005144,1.2227414998753279,1.0443592272073696,0.5515886295881676,1.2769814144386344,0.3323628247824707,0.0109647092900228,0.06423646018163058,0.38066181452326575,0,Baseline,0.6641,0.6641,0.0006,0.3334,0.0018
2025-11-14 11:55:18.392,0.2783672573782546,0.11705402408774275,0.28418931756550203,0.23438663642527693,0.0860027636931207,0.20812064273193906,0.046754741437170406,0.12598867212613607,0.15510664040675526,0.06390124628024195,0.41188747336320464,1.2124808383915435,0.979513410172289,0.49940568659938517,1.1876412825719522,0.3026248889423835,-0.039389038826987355,0.08049815197165568,0.40930015814057263,2,Focused,0.6932,0.3049,0.0013,0.6932,0.0006
2025-11-14 11:55:19.395,0.2658888841481674,0.12131573109245158,0.2915192180598357,0.22980071175138977,0.09147545403030748,0.12415143348825665,0.045289114024966395,0.16723403648398535,0.13341818135137515,0.06104595278318783,0.41615001487157804,1.268573988097462,0.9120800913125101,0.5279171021216251,1.157041118590653,0.31378874950756835,-0.026979148074861917,0.07895603201165731,0.4568867547325356,2,Focused,0.9815,0.0179,0.0004,0.9815,0.0002
2025-11-14 11:55:20.392,0.24878155852009792,0.10526560360898449,0.32001430591624375,0.23348505715146578,0.09245347388099098,0.1321875784003484,0.03811666915157408,0.19552915573510288,0.13586871946975113,0.06233145839919821,0.3289402953977074,1.3705985989615557,0.7774075913066673,0.45084512210237787,1.065513788762812,0.288904181102912,0.0038874342849817833,0.06827148848143502,0.5153827178712329,2,Focused,0.9978,0.0021,0.0,0.9978,0.0001
2025-11-14 11:55:21.375,0.22097764359198727,0.11156861172379635,0.31932421576965847,0.2606657360204558,0.08746379197414896,0.11485185629058949,0.04023117328253807,0.18544953961231408,0.1760607324092571,0.05942309436673632,0.3493897509807957,1.2250332874370056,0.6920165329121863,0.4280140886445471,0.8477433148222169,0.2739027762874469,-0.001813128012213977,0.07622631792315698,0.4997079398019881,2,Focused,0.9943,0.0056,0.0001,0.9943,0.0
2025-11-14 11:55:22.399,0.21688833035156524,0.12630194549656876,0.2832545978846277,0.276710081897974,0.09684504339342755,0.09316377600700974,0.04786702379141459,0.15333753808081055,0.19587587137923576,0.06196055190627402,0.44589546641378114,1.0236511286659784,0.7657009782517146,0.45644141357568424,0.783810698279607,0.34190103425563145,-0.041391396561326316,0.08732099917095448,0.4281063157127656,2,Focused,0.8518,0.147,0.001,0.8518,0.0002
2025-11-14 11:55:23.374,0.2357014793642157,0.11882694187847305,0.26865529081766715,0.2520818016270411,0.12473448527535032,0.09696934450511605,0.047577171938510375,0.11294187585361043,0.16611380748175741,0.07796697128805867,0.44230261423026734,1.0657464300325912,0.8773379071503348,0.47138244965598447,0.9350197772814315,0.46429191940644415,0.010115737713105727,0.0875473980265139,0.3789531818057185,0,Baseline,0.6388,0.6388,0.0019,0.3583,0.0009
2025-11-14 11:55:24.374,0.21772744321365597,0.11947458189569905,0.3134427811947254,0.23334040807536657,0.11601478464585002,0.1181038937282505,0.04100231251465602,0.10612447046319785,0.13314627033721463,0.06710187884425982,0.38116870207895714,1.343285418703101,0.6946321604135839,0.5120183759039549,0.9330892822148464,0.3701306519242173,0.17514833103096888,0.09811261361677313,0.3958548418004184,2,Focused,0.8734,0.0899,0.0051,0.8734,0.0316
2025-11-14 11:55:25.399,0.22019199352574104,0.11982312669520748,0.34867809760188007,0.22588007474706107,0.08542670657671092,0.1266539380298308,0.031865966131919485,0.17234194222300203,0.12700616326780462,0.046500381884655245,0.3436496989137651,1.5436424950536358,0.6315050722288414,0.5304722938694865,0.974818093291892,0.2450016353600581,0.16098638323043402,0.11380374264279433,0.4828304949335362,2,Focused,0.9973,0.0,0.0,0.9973,0.0027
2025-11-14 11:55:26.405,0.21584367930658577,0.10921272494361381,0.35860485668049663,0.2363803168510086,0.07995842134739072,0.09549818836358338,0.032402147866696304,0.3053400091025753,0.13516059452067422,0.04781478545405104,0.30454892024908914,1.517067268066376,0.6018983548789769,0.4620212113187025,0.913120318353028,0.22297082046750538,0.04462490191288275,0.09815612583476979,0.5851732303514996,2,Focused,1.0,0.0,0.0,1.0,0.0
2025-11-14 11:55:27.380,0.1968083857349183,0.1256055674330878,0.36583887982550295,0.23390696702149344,0.07784019909081526,0.10544118396525423,0.053152590374314454,0.3512934277385496,0.12922704746063596,0.0494399593067054,0.34333574402928807,1.564035773896075,0.5379646374632056,0.5369894007973351,0.8413959610825709,0.21277179997988543,-0.03677092751992671,0.07751179657855428,0.635104936375309,2,Focused,1.0,0.0,0.0,1.0,0.0
2025-11-14 11:55:28.405,0.20386813924176683,0.14138713728059377,0.3781248612117732,0.20758807382328032,0.06903178760918245,0.13781459065450383,0.07988396594550837,0.30614658721329086,0.12310368949334205,0.04217927536956483,0.3739165234687995,1.8215152538990185,0.539155593199761,0.6810946691957357,0.9820801632107156,0.18256346742798732,-0.07070698376512591,0.07086011102969947,0.6592733759369566,2,Focused,1.0,0.0,0.0,1.0,0.0
2025-11-14 11:55:29.379,0.23010687227258078,0.11768453855624265,0.36922305501912617,0.2061871267211387,0.07679840656511498,0.15385129914743503,0.07225062650428775,0.26060582144496763,0.12875731346646413,0.04805854827483646,0.31873560919100885,1.790718183930592,0.6232191162289956,0.5707656667030937,1.1160098342303124,0.20800002448692295,-0.10864733370655018,0.062230612982602684,0.6161079222785171,2,Focused,1.0,0.0,0.0,1.0,0.0
2025-11-14 11:55:30.381,0.24860384271359262,0.10265598456379907,0.35466044708553657,0.20083577624459165,0.0932439484921654,0.1595186006025239,0.05144367250527081,0.2101841932841224,0.12131758371068485,0.06083762594636341,0.28944863322905107,1.7659225664773044,0.7009629569547265,0.5111438876673978,1.2378463388533045,0.26291047290247227,-0.15207499947601624,0.05864481843948702,0.5290835566950469,2,Focused,0.9956,0.0043,0.0001,0.9956,0.0001
2025-11-14 11:55:31.428,0.27856531694870645,0.11091679617893305,0.3160336812113847,0.20196570408362524,0.09251850071475776,0.244442395575757,0.03907404215938628,0.15662684162387497,0.11963107435327175,0.06017955760483961,0.35096510044159945,1.5647887694469214,0.8814418357768797,0.549186265016285,1.379270329187481,0.29274885332676487,-0.14027184136160592,0.07369096268598924,0.44000806613760823,2,Focused,0.8263,0.1702,0.0009,0.8263,0.0026
2025-11-14 11:55:32.401,0.3032491795445356,0.1342941300374846,0.25520358955957917,0.21261644132068042,0.09463665866023237,0.2955657698423624,0.038558496421905834,0.09522886018539224,0.13530213201186705,0.05875234128335,0.5262234947674892,1.200300296493362,1.1882637238184404,0.6316262415410858,1.4262733558992464,0.37082807148313257,-0.12144334011947007,0.10950347318568723,0.3361283537394866,0,Baseline,0.9483,0.9483,0.0019,0.0414,0.0083
2025-11-14 11:55:33.356,0.3005909498850447,0.14849388089370513,0.2482808667217938,0.20797279296092874,0.09466150869559671,0.2631507199607178,0.0425923321585339,0.08676227158175187,0.1471924578521101,0.05830773356002476,0.5980882734681858,1.1938141102442017,1.2106890947620823,0.7140062487959171,1.4453377826595715,0.3812678203229795,-0.09928697346272339,0.11597572853141994,0.32757856438764,0,Baseline,0.9395,0.9395,0.0035,0.0496,0.0074
2025-11-14 11:55:34.401,0.27979573596869817,0.13929331757373498,0.2724070413222097,0.2225478835181305,0.08595602082623968,0.2179425851490327,0.060906405889118616,0.1207395709532937,0.1609056605781754,0.056274940185299,0.5113425548187276,1.224037833007021,1.0271236908539088,0.6259026557013313,1.2572383029359198,0.3155425691406527,-0.07493173243904448,0.09040408381494502,0.39017464722373346,2,Focused,0.5063,0.5063,0.0022,0.49,0.0015
2025-11-14 11:55:35.392,0.22851632720257078,0.13765581989226813,0.3054077672868242,0.23283046069298283,0.09558962410844395,0.15386690623717095,0.0774646171939502,0.161574677017335,0.15882213080532206,0.0676101090553891,0.450727945159656,1.3117173468654109,0.7482334904260126,0.5912276837415545,0.9814708810338626,0.31299014372731837,-0.07187699795209727,0.07427984752870753,0.46284101113901643,2,Focused,0.9191,0.0799,0.0006,0.9191,0.0003
2025-11-14 11:55:36.394,0.2222871555108673,0.13164303484807952,0.31494899408923926,0.22667070176634307,0.1044501129259264,0.14027708831403835,0.08484483721781395,0.20567060849059918,0.14569212656145755,0.07453832696175518,0.41798206420357215,1.389456060004326,0.7057877707969615,0.5807677305208268,0.9806611263479226,0.3316413500908578,-0.06703960172883318,0.07081749847838742,0.49054287814396413,2,Focused,0.9869,0.0128,0.0001,0.9869,0.0001
2025-11-14 11:55:37.401,0.24902414728374198,0.11920394835925652,0.29233179805678466,0.24057319292340912,0.09886691243148933,0.14458380988761008,0.06287351724950946,0.20156561855758431,0.1682894785347683,0.06465507610106729,0.4077693397500606,1.215146967760386,0.8518544353386605,0.49549969369284774,1.0351283694843743,0.33820100894489286,-0.04465346480990495,0.08164890999327673,0.4437543248884398,2,Focused,0.9812,0.0186,0.0002,0.9812,0.0001
2025-11-14 11:55:38.408,0.24592449748442716,0.12037071324274809,0.274796034340671,0.25158710679685586,0.10732164702297665,0.09860634099973434,0.03806024427337144,0.15211758800091496,0.1660792094159936,0.06201588527972874,0.43803655737315395,1.0922500239253317,0.8949346344285396,0.47844545768192687,0.9774924114377407,0.3905501888881906,0.014838087146059442,0.08384605575814141,0.4041653138102339,2,Focused,0.9085,0.0902,0.001,0.9085,0.0003
2025-11-14 11:55:39.381,0.20790464224893124,0.1298630569536665,0.30018256229451723,0.2500208150722652,0.1120289223107915,0.05687012020959974,0.06702909962390212,0.17853258930384486,0.14610130858470347,0.0594196034212505,0.43261357899969743,1.2006302363323273,0.6925939792565652,0.5194089608980825,0.8315493006986084,0.37320261950742734,0.039695695175884047,0.06671096884448652,0.47384133919129423,2,Focused,0.9901,0.0095,0.0001,0.9901,0.0003
2025-11-14 11:55:40.390,0.15446870227971898,0.12713899878940604,0.3820194001945581,0.23845585475242026,0.09791704307321236,0.04359341008525183,0.053643516719777226,0.26305405817767685,0.15338381852781943,0.0561775854638061,0.3328076935270268,1.6020549571770628,0.4043477848443613,0.5331762291584218,0.6477873900903969,0.25631431403798133,-0.015272718312436012,0.0742543211527096,0.6444207754411357,2,Focused,1.0,0.0,0.0,1.0,0.0
2025-11-14 11:55:41.387,0.14529578968327303,0.10664872215951329,0.4402204007111829,0.21901549419396135,0.08881959244466514,0.06226029013915012,0.03381918634063453,0.29957896418760765,0.15032481998608466,0.05853807184883106,0.24226210226650016,2.0099965175128482,0.33005236955857054,0.48694599294242014,0.6634041284794079,0.20176164094975904,-0.08257658617026199,0.07529862592643796,0.7375247663700948,2,Focused,1.0,0.0,0.0,1.0,0.0
2025-11-14 11:55:42.357,0.22732020591739494,0.08618751255167216,0.3622056263082893,0.2437515465943354,0.08053510779863378,0.0868454048787935,0.02798953683443368,0.19982887531515375,0.15124357545632333,0.04932445323758136,0.2379518812300153,1.4859623108421482,0.6275998580096988,0.353587537063856,0.932589761039818,0.2223463682660277,-0.11068206298775095,0.05890770042043983,0.5498493174542567,2,Focused,0.9981,0.0018,0.0001,0.9981,0.0
2025-11-14 11:55:43.422,0.35061409041849984,0.09062555021635589,0.2035545170574382,0.2837440804797414,0.07146176104448956,0.053167682735246725,0.02748825567514146,0.08541782709172735,0.1787394369416334,0.03487619529472838,0.4452151053893463,0.7173876880159077,1.7224578371551764,0.3193918508157488,1.235670106206257,0.3510693772206047,-0.036105455519038473,0.06488705664697857,0.2687571898939162,0,Baseline,0.8225,0.8225,0.0336,0.1438,0.0002
2025-11-14 11:55:44.397,0.31305715251957106,0.11786132084993065,0.23087144216110655,0.2603333684714721,0.07787671525587811,0.08386948426980417,0.044219146905833416,0.14568557378522826,0.15998590449854946,0.040338619134220315,0.5105062568224535,0.8868299697743367,1.3559803500569387,0.4527322679171782,1.2025240649418936,0.3373163486732618,-0.02874915819163293,0.07650940522131351,0.34540432793974973,2,Focused,0.8476,0.1462,0.006,0.8476,0.0001
2025-11-14 11:55:45.373,0.20922311926881182,0.14235735939569716,0.3480682812671551,0.2170098076443964,0.08334143166867437,0.13030185906067368,0.08843945342294601,0.24985094456874993,0.11654494480774628,0.042430143258392915,0.40899261141381216,1.6039287302545822,0.6010979009525043,0.6559950187551945,0.9641182207325557,0.23943988510204967,-0.06615273650798652,0.062216614130748846,0.5637803976299135,2,Focused,1.0,0.0,0.0,1.0,0.0
2025-11-14 11:55:46.406,0.18599013055045857,0.12907688955361743,0.390384524549552,0.21834896502210555,0.07619948954291225,0.10441403182570212,0.09029253819005414,0.24343831226303148,0.12758064744677255,0.03911803976274961,0.3306403766802743,1.7878926361345626,0.4764280192735212,0.5911495098181695,0.8518021691268715,0.195190851069025,0.010044813399738117,0.04744515429125924,0.6268119169528761,2,Focused,1.0,0.0,0.0,1.0,0.0
2025-11-14 11:55:47.395,0.19943380207801703,0.11668408305161801,0.3662519892477038,0.2325745798190261,0.08505554494503564,0.1036076741075593,0.060688224508274734,0.20281711724624016,0.14934669399725178,0.05902794105617848,0.3185896139578535,1.5747721603322893,0.5445261800281282,0.5017060683302235,0.8575046922933541,0.23223230213007198,0.05928590762820904,0.056164133997740416,0.5674769011399532,2,Focused,0.9999,0.0,0.0,0.9999,0.0001
2025-11-14 11:55:48.374,0.25042118968904165,0.1281238967674047,0.3020241471933049,0.22103538144746118,0.09839538394436238,0.13510519817242356,0.07123377846311688,0.1562122497971901,0.14074123741443206,0.06930904217922844,0.4242173803514711,1.3664062809828093,0.8291429136536396,0.5796533122066065,1.1329461225604918,0.32578646972727504,-0.02681509308554797,0.07348712584288086,0.4541733774188753,2,Focused,0.9586,0.0405,0.0005,0.9586,0.0004
2025-11-14 11:55:49.416,0.26184162008402545,0.13043612419481365,0.2875549992888723,0.2210525145599543,0.09911474083578391,0.1521037382508305,0.06256372723620329,0.13532778582737665,0.13101285161082651,0.06651600536110512,0.4536040756771516,1.3008446741845785,0.9105792339753134,0.5900684665532354,1.1845221881327497,0.34468097454082297,-0.09301247698398675,0.0848798777964776,0.41353567941415503,2,Focused,0.7021,0.2938,0.0026,0.7021,0.0015
2025-11-14 11:55:50.396,0.20262726851850438,0.11173156948740244,0.3333888326016027,0.24629880574336102,0.10595352261314997,0.11294001706947433,0.03782701298516942,0.14869444301116175,0.15055628138355837,0.07246210084924044,0.33513889851713147,1.3535949476467963,0.6077805931875246,0.4536423333997056,0.8226887648929598,0.31780764403013834,-0.12192837947251225,0.07837160297794979,0.47557138222567574,2,Focused,0.8427,0.1554,0.0009,0.8427,0.0009
2025-11-14 11:55:51.377,0.14593882935439317,0.10292808065634672,0.39625519723218866,0.2403644327391403,0.11451345906887865,0.06991458342865121,0.037603172000958654,0.21432614327636826,0.14463843029626475,0.07451382613457216,0.2597519951227676,1.6485599646792664,0.36829504493774196,0.4282167507115485,0.6071564815964724,0.2889891589532567,-0.11233090362232334,0.06588241616982521,0.6054904784603844,2,Focused,0.9981,0.0018,0.0,0.9981,0.0
2025-11-14 11:55:52.400,0.13582426061894337,0.10731554406177697,0.39494476433748665,0.2508103760128533,0.11110505402712084,0.05333032196920532,0.04562157531923233,0.23612130276958193,0.15907770749921757,0.073495569956011,0.2717229117458182,1.5746746800080558,0.343906969896706,0.42787519993800166,0.5415416114864668,0.2813179493601295,-0.025084305474800395,0.06339110870018635,0.6308668519020922,2,Focused,1.0,0.0,0.0,1.0,0.0
2025-11-14 11:55:53.376,0.18877747018096774,0.10082013633122708,0.3077569987628401,0.28922407192083777,0.11342132179063308,0.08417903200987907,0.040081951582322285,0.1743544191343989,0.20467133807817697,0.09043149812176525,0.32759655657077125,1.0640780557376783,0.6133977937329158,0.34858831830892323,0.6527031529574954,0.3685417994104447,0.010818493892564507,0.062246422197779316,0.47684486477148735,2,Focused,0.9404,0.0592,0.0003,0.9404,0.0001
2025-11-14 11:55:54.377,0.21996310526743174,0.10719441764460835,0.2877111922784318,0.27144164024113626,0.11368964355410055,0.1100321287450071,0.036603998151029084,0.139372998143437,0.20227275890878743,0.09814467457987885,0.3725764474782988,1.0599375299363323,0.7645274272447793,0.394907773178441,0.8103513409678531,0.39515195325650787,-0.022852416679830345,0.07310661431671983,0.4243467435604545,2,Focused,0.5882,0.4095,0.0021,0.5882,0.0003
2025-11-14 11:55:55.399,0.17087919188210984,0.12951635597483538,0.36140998911066224,0.23894354615362584,0.09925091585897831,0.0519428062541956,0.051625896903654704,0.19031520847769814,0.16133285625765914,0.06803670686779255,0.3583640637877814,1.512532896590432,0.47281257381533415,0.5420374504327057,0.715144591604911,0.2746213887363645,-0.03867551752934942,0.08829957130129182,0.5443132192165498,2,Focused,0.998,0.0018,0.0001,0.998,0.0001
2025-11-14 11:55:56.376,0.14556907866718355,0.14846546959587992,0.37316446599554215,0.23467654901523272,0.09812443566809108,0.03711214776114742,0.063881684183042,0.20173049301784793,0.13799894333617088,0.05960659439177519,0.39785531353111303,1.590122454332221,0.3900936129539901,0.6326386845745557,0.6202966298723289,0.26295224218841046,-0.031066809997290223,0.08874399079278372,0.5713243264844741,2,Focused,0.9999,0.0,0.0,0.9999,0.0001
2025-11-14 11:55:57.375,0.20481074889527534,0.1381575704897015,0.3109251855664509,0.25039476111086273,0.09571173292260697,0.09179136863712371,0.04740133242595325,0.1669154250363888,0.15095561856754722,0.07210892146412785,0.44434343842094487,1.241739930059435,0.65871390230099,0.5517590078929084,0.8179513812794239,0.30782880991113337,-0.020468761762980153,0.09299781653302405,0.47708583445009745,2,Focused,0.9813,0.018,0.0003,0.9813,0.0003
2025-11-14 11:55:58.399,0.25980380320898405,0.12578679093079465,0.28239632349604843,0.23975378887390794,0.09225929247648187,0.1425389671227187,0.02836903903464597,0.14179170447239706,0.14697286857556274,0.0745049944781077,0.4454264309085117,1.1778596411086157,0.9199970835054042,0.5246498346286843,1.0836274729712245,0.32670145300513564,-0.05071441892533851,0.11474396541516932,0.4226814217872071,2,Focused,0.8506,0.1452,0.003,0.8506,0.0011
2025-11-14 11:55:59.371,0.25725402712770407,0.1354282440021803,0.30211875170575425,0.20967350780942398,0.09552546830640517,0.13185894193625036,0.029132350251035714,0.16512491620742012,0.12139588612193943,0.06646294302366718,0.44826161486150723,1.440900857972705,0.8514996740859617,0.6459005668292047,1.226926651564681,0.31618515767465416,-0.0713499584788525,0.1138692261568606,0.4639046753620055,2,Focused,0.9778,0.0202,0.001,0.9778,0.0009
2025-11-14 11:56:00.371,0.23715471513773648,0.13635991705511258,0.30362953810658316,0.22096049081977212,0.10189533786303463,0.11061566296997652,0.049547471904691345,0.17020573430829672,0.13634542473647632,0.0680460014548646,0.4490996278374268,1.3741349109008427,0.781065995113519,0.617123497408867,1.0732900869516642,0.3355909808463908,-0.03949543271041045,0.09292008144889057,0.47252448651925905,2,Focused,0.9825,0.0166,0.0004,0.9825,0.0005
2025-11-14 11:56:01.397,0.2667521544740435,0.13244100977621576,0.2928303880629509,0.2130028496465883,0.0949735971476664,0.10248452212642517,0.05324506666625431,0.13725218941791328,0.14004891045413878,0.06552959819058822,0.45227889813455907,1.374772097185979,0.910944206061212,0.6217804305348775,1.2523407193529483,0.32432970680608625,-0.09287065756299326,0.0844700716080024,0.42185380629255376,2,Focused,0.8774,0.1162,0.0055,0.8774,0.0009
2025-11-14 11:56:02.371,0.24416098604714975,0.1359813987073557,0.34287717438442594,0.19717392787182794,0.07980651222030162,0.0761366530157667,0.055639523841791674,0.18314048648898312,0.12563593666984804,0.05182546785934734,0.3965892304892953,1.738957887057628,0.7120945842036609,0.6896519903951496,1.2383025296470243,0.23275538838660204,-0.17096560143561687,0.08474873946419696,0.5113595059894144,2,Focused,0.9952,0.0038,0.0008,0.9952,0.0002
2025-11-14 11:56:03.348,0.17947990874129574,0.1438330937336484,0.3807430467008453,0.21172707520973044,0.08421687481098751,0.05105437904939053,0.06969960688717623,0.24711497696571205,0.12906332801903897,0.05165060566301815,0.37776944635568205,1.7982727449522709,0.47139378009016564,0.6793325170994144,0.8476946091403864,0.22119083546980553,-0.11826846929074335,0.07920252013029044,0.6225168550365154,2,Focused,1.0,0.0,0.0,1.0,0.0
2025-11-14 11:56:04.391,0.16417456256627216,0.14311828248577302,0.3695974563146331,0.23067479889075773,0.09243489883818826,0.1097384494829852,0.06690068465074636,0.26205600764529985,0.1458307957880801,0.054749050926807534,0.3872274448005508,1.6022445541058883,0.44419829011087614,0.6204330814187454,0.7117143105297703,0.2500961377248721,-0.0006777825640401358,0.0795562400833434,0.6271367277050739,2,Focused,0.9999,0.0,0.0,0.9999,0.0001
2025-11-14 11:56:05.400,0.16802578623344347,0.13005619424332687,0.3936891206538841,0.22842234366600378,0.07980655436752718,0.1409554821594639,0.0425379942436233,0.25394733653969087,0.1427501183500624,0.04931858730343594,0.330352514501263,1.7235139833535351,0.42679813373147224,0.5693671926412831,0.7355925702399889,0.20271465009708367,-0.0028034869314081945,0.09198905391411653,0.6314291750554938,2,Focused,1.0,0.0,0.0,1.0,0.0
2025-11-14 11:56:06.381,0.17945013558877307,0.1170276362996966,0.4000996148745757,0.22512828689236014,0.07829432557447531,0.1450381127108651,0.03370437263812132,0.23516295424444725,0.1488736746324737,0.056220871532560404,0.2924962409959338,1.7772071320997644,0.4485136311863016,0.5198264186027697,0.7971016441108377,0.19568707568526023,-0.08372667249915358,0.08792867280817876,0.6097029245997372,2,Focused,1.0,0.0,0.0,1.0,0.0
2025-11-14 11:56:07.414,0.22013490416291978,0.10562703386118473,0.3576000489114199,0.22033321191190824,0.09630480034808624,0.12110421080493708,0.03019441786078523,0.19730826448580685,0.15314828960066298,0.07495341692197108,0.2953775628078107,1.6229965041513008,0.6155896753290211,0.47939676524775565,0.9990999189896668,0.26930868143939996,-0.103324001020933,0.09091447990281215,0.5314390602156953,2,Focused,0.9956,0.0042,0.0001,0.9956,0.0001
2025-11-14 11:56:08.387,0.2349233092399289,0.11393646514870188,0.3281192709971293,0.21282874270485863,0.11019221105961767,0.1907696892699927,0.04184209758159185,0.18755653384364762,0.14730511189224058,0.08158753809731906,0.34724099358762983,1.5417055582341845,0.7159692308419519,0.5353433861763212,1.1038137763543163,0.33582973461587506,-0.057165706771267755,0.09499636322979216,0.5032359649074613,2,Focused,0.9806,0.0189,0.0002,0.9806,0.0004
2025-11-14 11:56:09.375,0.19016257939443934,0.13832743609793297,0.35452087460211407,0.21855323909272675,0.09843587000562301,0.11779242831628932,0.06258033879568689,0.22477300354853638,0.14054773310903618,0.06963466808670167,0.39018134644784225,1.622125848386265,0.536393165124426,0.6329232654841203,0.8700972425889585,0.27765887506486275,-0.012769365706006591,0.0818865567572305,0.5774387730329495,2,Focused,0.9998,0.0,0.0,0.9998,0.0002
2025-11-14 11:56:10.398,0.17317272236044967,0.14849781886355617,0.3779610315335088,0.21824538194792148,0.08212304458662585,0.08479219421883454,0.07951812965315128,0.254588720995167,0.1390715248522201,0.05978299132934583,0.3928918659474877,1.731816778169132,0.45817611692949245,0.6804167434563351,0.7934771076484987,0.2172791255242244,0.018985970420942272,0.0698002199533311,0.6315781171333847,2,Focused,0.9999,0.0,0.0,0.9999,0.0001
2025-11-14 11:56:11.386,0.23028296789671282,0.13509277193398428,0.3394110991710875,0.21123414506269478,0.0839790151830889,0.18035362796616483,0.07369472132675607,0.23623645187775796,0.1321941596044977,0.061657367926315904,0.3980210673242514,1.6068002784414743,0.6784779922469588,0.6395403806448272,1.0901786589785365,0.24742565259040314,0.0027138440684168624,0.06542655642709144,0.5614552054143847,2,Focused,0.9999,0.0,0.0,0.9999,0.0001
2025-11-14 11:56:12.369,0.30189434327898645,0.11985412075082964,0.27957425031529265,0.21233557350903487,0.08634171132028781,0.2505048197721577,0.05687017169720358,0.18780191257253226,0.1407133065626038,0.05961691662809238,0.4287022725756762,1.3166622649632194,1.0798359725195092,0.5644561253942152,1.421779328221456,0.3088328346927042,-0.023940736159436204,0.08312355200486031,0.4425876387443413,2,Focused,0.9756,0.0239,0.0002,0.9756,0.0004
2025-11-14 11:56:13.393,0.2790043134942273,0.14250826739478994,0.2942019628291068,0.20660906412002286,0.07767639138609587,0.2315151159158984,0.08088549934166535,0.18654532146945496,0.14552076041087128,0.05142413176319013,0.4843892310591974,1.4239547032585786,0.9483427687831739,0.6897483472192726,1.3503971918104078,0.26402403301087235,-0.005821060613160928,0.0986431337267417,0.4718379150042795,2,Focused,0.9913,0.0077,0.0001,0.9913,0.0008
2025-11-14 11:56:14.399,0.2265784922407854,0.16800134593328808,0.3117943892569938,0.2170228930991242,0.07660287868126726,0.210516107668441,0.12095861767954745,0.19287692846081253,0.14861900348770024,0.04863423271806991,0.5388209228056545,1.4366888692599564,0.7266919892747338,0.7741180471470988,1.0440303258559616,0.24568394706194838,0.002901014008755129,0.09197512207482439,0.5045699493382038,2,Focused,0.9924,0.006,0.0002,0.9924,0.0014
2025-11-14 11:56:15.361,0.17687141610521065,0.1513696388741868,0.3271114578105224,0.2586339140611331,0.08601357229801278,0.1053989057021304,0.07682561984609738,0.19120418820210638,0.18520250434009158,0.05971983998445702,0.4627463533680417,1.26476624827145,0.5407068645103646,0.5852659871425362,0.6838678133476553,0.26294881336240916,-0.008683909531728345,0.09356336180266761,0.5181938117995324,2,Focused,0.9953,0.0045,0.0001,0.9953,0.0002
2025-11-14 11:56:16.390,0.17431657776437184,0.11850847265492477,0.35840272094921055,0.26447118476632653,0.08430104302042223,0.07136687435620827,0.026778061774864834,0.18852394809866704,0.1888574013226627,0.06426014273837342,0.3306572813802545,1.355167322724417,0.4863706738581586,0.4480959552499958,0.6591136623343394,0.23521317149887613,-0.015320348756031221,0.10886812024193879,0.5421337236927893,2,Focused,0.9982,0.0017,0.0001,0.9982,0.0
2025-11-14 11:56:17.379,0.26791615990912143,0.10587777875495148,0.32836914050694377,0.22009923052246902,0.07773768948749936,0.13013601594226235,0.018507806829972096,0.14514418067567833,0.14773178595313127,0.052268744444299825,0.3224352183860602,1.4919140099141865,0.8158992996007889,0.4810456342494415,1.217251632823199,0.2367387111958786,-0.03340097593329244,0.0916946721040056,0.47075133689309223,2,Focused,0.9884,0.0109,0.0006,0.9884,0.0001
2025-11-14 11:56:18.375,0.3336830898016966,0.12594243837751656,0.2617989811698141,0.1941049978858873,0.08447049189336923,0.17103367245634266,0.05594624699334901,0.11275396295335764,0.12558938629865746,0.054592110551962135,0.4810654075279644,1.3487492364118885,1.2745774470355211,0.648836625851287,1.7190854241012992,0.3226540007504385,-0.0685491687687482,0.0775546468726004,0.37145607740552977,2,Focused,0.6772,0.3107,0.0106,0.6772,0.0015
2025-11-14 11:56:19.409,0.2863584889785776,0.164371003211543,0.25044849172583333,0.2055096855644147,0.09331232958842088,0.13721584253369823,0.07914448410335742,0.11715718086655039,0.1260724453684369,0.07147592220937404,0.6563065942853209,1.21866995636385,1.1433827194225143,0.7998211605545528,1.3934062244222523,0.3725809056369207,-0.12190444724498134,0.10215955615001784,0.35780396613443144,0,Baseline,0.6329,0.6329,0.0299,0.33,0.0072
2025-11-14 11:56:20.389,0.25902234281205433,0.1611291953877316,0.28177225918480403,0.20309756855418898,0.09497863315495737,0.15207533017063088,0.07437745431045262,0.15432046488718396,0.12126582385030178,0.07561921550959287,0.5718419199089209,1.387373799287438,0.9192613011970001,0.793358525171881,1.275359089241647,0.33707587134014383,-0.1452867697957117,0.09995848168845527,0.4133472703263331,2,Focused,0.7656,0.2209,0.0082,0.7656,0.0053
2025-11-14 11:56:21.384,0.2965093872396836,0.12802204935833866,0.3049208046003606,0.1809839429525115,0.08956381505428779,0.24048295488847418,0.06245617043191743,0.17235554822529878,0.1092129432217781,0.06722684881316723,0.4198534282617887,1.6847946993420404,0.9724143877429251,0.707366853634424,1.6383186597625312,0.2937281115809464,-0.059519110984903686,0.0678375197669641,0.4751789584254653,2,Focused,0.9794,0.0195,0.0003,0.9794,0.0008
2025-11-14 11:56:22.430,0.27936820255891026,0.12004749929018912,0.3553154108208768,0.16534455718565227,0.07992432942626963,0.20762939775960854,0.052333286405598596,0.28308870314759216,0.09443983335344859,0.05910034635302221,0.33786177648255805,2.1489391327984873,0.7862540891512463,0.7260444133939843,1.6896122280524035,0.22493909563964984,-0.001321599239779453,0.06827868584158606,0.5773250921886802,2,Focused,0.9999,0.0,0.0,0.9999,0.0001
2025-11-14 11:56:23.363,0.23822108415196278,0.12892495508376967,0.3826374949295006,0.1710977452638568,0.07911871981249172,0.15015476290337249,0.03700797886166751,0.2768286015181265,0.09257760552815353,0.05614249450344625,0.3369375804066137,2.2363677088540395,0.6225764100041736,0.7535163444134568,1.3923098160147829,0.20677199384066916,-0.05067807974496205,0.09562655344886353,0.6202477755350705,2,Focused,1.0,0.0,0.0,1.0,0.0
2025-11-14 11:56:24.370,0.23678247409534506,0.13058808466424948,0.3446451897758052,0.191335657886289,0.09664859271015849,0.14531559218921408,0.042490690185185906,0.1869519239558923,0.10024389167864631,0.059717076890216006,0.3789058566583785,1.801259501603372,0.6870325605851298,0.6825077943222699,1.2375239635720463,0.2804292436773507,-0.16900549833296594,0.12531958561245543,0.5211437197683524,2,Focused,0.9904,0.0083,0.0004,0.9904,0.001
2025-11-14 11:56:25.381,0.22448283561799767,0.13108216339717832,0.3104653754193143,0.20829674555766417,0.12567287899377524,0.11072467768501265,0.05130382631186186,0.15030420194507577,0.10688542043165584,0.07955819958729936,0.42221184567850895,1.4904954932596928,0.7230527013979717,0.6293048734544018,1.0777068275355475,0.40478869753560953,-0.20048992692026818,0.11857239798589532,0.4366527528473095,2,Focused,0.5302,0.4331,0.0107,0.5302,0.026
2025-11-14 11:56:26.357,0.17646488638952304,0.12753199039898686,0.3144520071779437,0.23182747025926453,0.1497236446981125,0.06312679014173671,0.07032790127864495,0.15473475696981193,0.13087704698350577,0.12220488287411428,0.4055690007764155,1.3564052321419184,0.5611822368742008,0.5501159321421313,0.7611905464881615,0.4761414668025047,-0.05233774538571173,0.07826770766634246,0.44796401427980553,2,Focused,0.6596,0.3352,0.0025,0.6596,0.0026
2025-11-14 11:56:27.380,0.17548885913102155,0.12198057499044378,0.30455355383656946,0.24375174310962738,0.15422526793617675,0.05733408017359808,0.07845064716472468,0.1797077040103211,0.14344850139070658,0.13440268884073076,0.40052256638803085,1.2494414909893856,0.5762167315342696,0.5004295289543333,0.719949115820699,0.5063978434313696,0.041467913368372605,0.06187875313778918,0.44034413933591465,2,Focused,0.8709,0.1237,0.0009,0.8709,0.0046
2025-11-14 11:56:28.407,0.26853298282979543,0.10481598781650309,0.265973087892935,0.23034270512941804,0.13033523543213701,0.17543661664424232,0.044819285726007685,0.13707631467639528,0.13957564223584784,0.10508407471867462,0.39408492304998377,1.154684174593922,1.0096246009733318,0.4550436412005139,1.1657975928560198,0.4900316478044793,0.01031455543250065,0.06407387985199302,0.39121332486321436,0,Baseline,0.5833,0.5833,0.0013,0.4138,0.0016
2025-11-14 11:56:29.381,0.3024207168012475,0.108031651244548,0.26869275486136934,0.21993950170838353,0.1009153745393937,0.20995790538946382,0.040616905703598646,0.12898786331699746,0.15115842011088593,0.08299352473533984,0.40206386390897564,1.2216665972125438,1.1255260890901917,0.491188010764462,1.3750176785071038,0.3755790543577177,-0.035183703528912785,0.10027868562272606,0.3968522551354596,2,Focused,0.5567,0.4388,0.0032,0.5567,0.0013
2025-11-14 11:56:30.353,0.20924123303277417,0.12691138266406965,0.3294669878128984,0.24239795508619771,0.09198244053929949,0.09432664225882179,0.050004065139723906,0.17100320955510542,0.1750221392066881,0.07833455495993684,0.3852021097911044,1.359198653733494,0.6350901134917329,0.5235662049346802,0.8632136534577224,0.279185597191545,-0.0523348247716007,0.11548185121832051,0.4981261275184792,2,Focused,0.986,0.0135,0.0004,0.986,0.0002
2025-11-14 11:56:31.392,0.16170288000569608,0.11124974126734467,0.371104030156681,0.2704016136088469,0.085541734183141,0.05665671988406749,0.04752828102238669,0.20791705448122494,0.2106034984403169,0.06454114145555179,0.29978046377607415,1.3724179063861928,0.4357346256252687,0.4114240875575306,0.5980100187549523,0.23050607087711866,-0.029130388274529767,0.07167757043057282,0.5784973590182206,2,Focused,1.0,0.0,0.0,1.0,0.0
2025-11-14 11:56:32.366,0.2041207308433112,0.10330537632292884,0.36060808505521874,0.24984941363730964,0.0821163934226015,0.08721692692739606,0.04125088027495283,0.20837798502581187,0.19403226663347706,0.062042507431905064,0.2864754777818008,1.4433016486709624,0.5660458920425923,0.4134705408521999,0.8169749918639803,0.2277164449401151,-0.026910778425627835,0.06373402229370999,0.5534170902471254,2,Focused,1.0,0.0,0.0,1.0,0.0
2025-11-14 11:56:33.367,0.21183988167249954,0.12601034292555086,0.3546050964409536,0.22242335747734474,0.08512132067419577,0.0764610058527479,0.045920492358915176,0.23015223277163493,0.147674303147495,0.06343496531136768,0.35535399980635424,1.594279865747795,0.5973965908124158,0.5665337430806853,0.9524173834571442,0.240045388879276,-0.08235013980772782,0.09472201394587917,0.5346336499585876,2,Focused,1.0,0.0,0.0,1.0,0.0
2025-11-14 11:56:34.412,0.2129490437827406,0.13799604096684553,0.3476400674156524,0.2109993010909306,0.09041554580810887,0.10735284473608633,0.04823971029781831,0.20989570371256935,0.12508703466641657,0.06078814876707951,0.3969508981608353,1.6475886372246789,0.6125560820426644,0.6540118081588231,1.0092404694675507,0.2600837811343726,-0.13751094387747442,0.10288323011134642,0.49608813963890064,2,Focused,0.9968,0.0028,0.0002,0.9968,0.0002
