window_time,mean_rel_Delta,mean_rel_Theta,mean_rel_Alpha,mean_rel_Beta,mean_rel_Gamma,std_rel_Delta,std_rel_Theta,std_rel_Alpha,std_rel_Beta,std_rel_Gamma,ratio_theta_alpha,ratio_alpha_beta,ratio_delta_alpha,ratio_theta_beta,ratio_delta_beta,ratio_gamma_alpha,frontal_alpha_asymm,frontal_theta_mean,occipital_alpha_mean,predicted_level,level_name,confidence,prob_L0,prob_L1,prob_L2,prob_L3
2025-11-14 11:42:58.077,0.33958620421990143,0.10106048646721659,0.18576185977645038,0.24687718738463119,0.12671426155168808,0.1776463192898534,0.053423995409864825,0.05010171322951862,0.12913157943037604,0.05033160885783992,0.5440324571928289,0.7524464055181088,1.8280727074321894,0.4093552889364901,1.3755268117809638,0.6821327848614929,0.08375627895122184,0.0635331484188194,0.19330251375506607,0,Baseline,0.9971,0.9971,0.0002,0.0026,0.0001
2025-11-14 11:43:00.060,0.35552465409536804,0.09524909781084615,0.15979397566446518,0.2840725030311074,0.10535976886450688,0.2490043473890264,0.05290224218671835,0.08508721771020734,0.22144665218321208,0.06177172002836893,0.5960743604634148,0.5625112192638184,2.224893838256825,0.33529853625935246,1.2515278240117382,0.6593475244164754,0.19030220855805113,0.08124297525220714,0.14961016504918795,0,Baseline,0.9887,0.9887,0.001,0.0102,0.0001
2025-11-14 11:43:01.045,0.3579465704869528,0.09585603000427696,0.1578137356158351,0.283536816990967,0.1048468463691347,0.25161560731981814,0.05312856855081847,0.08393206198632207,0.22075140802906032,0.06135145991187976,0.6073997523486873,0.5565899050597147,2.2681583856345418,0.3380725919153027,1.262434140515921,0.6643708123141736,0.18702913485011263,0.08263550968506983,0.1493655007211937,0,Baseline,0.9899,0.9899,0.0009,0.0091,0.0001
2025-11-14 11:43:02.009,0.33210831649397105,0.098196900316465,0.16023308728146163,0.2909658274377965,0.11849586792726967,0.21447082723889924,0.05363614816670184,0.08615392691377632,0.22300802384561325,0.04729617629882511,0.6128378093071163,0.5506938157841871,2.0726574105385827,0.3374860127263491,1.1413996894565677,0.7395217962935752,0.1930201335437469,0.08522866560799496,0.15222553341204864,0,Baseline,0.9909,0.9909,0.0001,0.009,0.0001
2025-11-14 11:43:04.026,0.3176910281006257,0.09908181747415735,0.15922660962356952,0.2968159719362996,0.12718457231566624,0.19667810518168702,0.054610856406416136,0.09035126791348178,0.22352633208775963,0.04064918873024835,0.6222691765258751,0.536448908798117,1.9952130419629879,0.33381564169082223,1.070329926401356,0.7987645069420274,0.2072515421039398,0.08563811599406923,0.15408839418434028,0,Baseline,0.9905,0.9905,0.0001,0.0094,0.0001
2025-11-14 11:43:05.024,0.2657184201142931,0.10637326215087117,0.159590564319983,0.32227910006696203,0.14603865283429318,0.13911741237465086,0.0385252335309985,0.07431846098398141,0.19511949934415243,0.036801164244069734,0.6665385008113962,0.49519363599714494,1.6650007135228497,0.33006564443090747,0.8244978089305355,0.9150831962135941,0.17851586365479233,0.09121652355520388,0.15804083023349932,0,Baseline,0.9983,0.9983,0.0,0.0017,0.0
2025-11-14 11:43:06.008,0.1882543711004728,0.1164316064001439,0.18111485180300826,0.34674860790596973,0.16745056229893004,0.09343719871626494,0.03530566560462998,0.04580988235880672,0.18674439231086098,0.05076904589032193,0.6428605871492872,0.5223232118321592,1.0394197871250892,0.335781025179796,0.5429131116292526,0.9245545099499325,0.12839018131151714,0.09690143654101019,0.18681197273262817,0,Baseline,0.9998,0.9998,0.0,0.0002,0.0
2025-11-14 11:43:07.038,0.13408606038831167,0.12945323478542492,0.21328807401105257,0.36281687480454233,0.16035575548842887,0.047332945971985056,0.054224508787385016,0.06164847473606019,0.18678214346113328,0.048941398965167415,0.6069407739567705,0.5878670010794996,0.6286617511241901,0.35680046934740733,0.3695695156540106,0.7518270710337445,0.12020872293648205,0.10442746640451893,0.23206890398600094,0,Baseline,0.9986,0.9986,0.0,0.0014,0.0
2025-11-14 11:43:08.007,0.1310053003553778,0.13132704890172744,0.21421716773085486,0.3689996009549199,0.1544508814711554,0.06726163169978627,0.06484189242463474,0.061720078952850456,0.1802710720051066,0.05666712922791013,0.6130556395749382,0.580534941965089,0.611553665971524,0.3559002367559988,0.3550282885566037,0.7210013833027407,0.1586442199820383,0.10264013998545904,0.2329805196955883,0,Baseline,0.9981,0.9981,0.0,0.0018,0.0001
2025-11-14 11:43:09.006,0.18974624856911815,0.1168373604623401,0.20229945527614498,0.3148012025797735,0.17631573246977184,0.13705018520670287,0.052273320110530895,0.07074775953840066,0.14858296226386647,0.08265873960348756,0.5775465609998203,0.6426260357077895,0.9379473559661105,0.3711464752783709,0.6027494208620138,0.8715580747042284,0.17437024144035812,0.09467786636088892,0.22530079270224823,0,Baseline,0.999,0.999,0.0,0.0009,0.0001
2025-11-14 11:43:10.027,0.22637288715630685,0.10063143362561455,0.20424857877662436,0.2766836457397271,0.19206345402302508,0.1720609963526892,0.030125827547799792,0.07454598275524532,0.12392983201190057,0.09770581294642967,0.49269096167743764,0.7382025448180376,1.108320446727192,0.36370573952614427,0.8181650143051928,0.9403416453127835,0.11612655345107094,0.08829486739952641,0.2596325356832221,0,Baseline,0.9993,0.9993,0.0,0.0005,0.0001
2025-11-14 11:43:11.019,0.22221331374793474,0.09728978949764015,0.19064694920207464,0.29385885517928806,0.19599109165554754,0.1275034698819306,0.017954765912948662,0.07120639402086149,0.146607259980627,0.10860914003391858,0.5103138801942215,0.648770453413947,1.165574917522821,0.33107658480298724,0.7561906073936506,1.0280315640797,0.027897778583388946,0.0967822354332731,0.2608350583161482,0,Baseline,0.9997,0.9997,0.0,0.0001,0.0001
2025-11-14 11:43:11.996,0.21655727392303054,0.11623054804542436,0.16909038100418242,0.29976501340536144,0.19835678290964753,0.08302545060727844,0.02880178021743649,0.07222328596899237,0.15838592657359987,0.11351163421809635,0.6873870676811519,0.5640764192009405,1.280718984898876,0.3877388586734817,0.7224234217285181,1.1730813426573792,0.009412068978834814,0.11463551422631517,0.2296411473903635,0,Baseline,0.9998,0.9998,0.0,0.0001,0.0001
2025-11-14 11:43:13.028,0.17949373983439346,0.1190304561423459,0.17906419316579333,0.3060290686161702,0.21638254153314854,0.05202771176294556,0.04179483098072742,0.06802607074809362,0.15292713670563793,0.1227234781527914,0.6647361898019175,0.5851214988310978,1.0023987858042316,0.38895145742551174,0.586525112731262,1.208407586260011,0.019201947111467943,0.10441689557003497,0.24381821914702856,0,Baseline,0.9998,0.9998,0.0,0.0,0.0001
2025-11-14 11:43:14.036,0.1609880978444351,0.10670108444037099,0.21296184219247055,0.31284003329415505,0.2065089415491783,0.056148892545218855,0.033938763381905594,0.09972852375576866,0.15090567051014195,0.12549017959957065,0.501033792399292,0.6807371586770569,0.7559480544850697,0.3410723362547385,0.5146019548816593,0.9696992180671858,0.029167778407443598,0.08058901638104995,0.30594559185066594,0,Baseline,0.9991,0.9991,0.0,0.0008,0.0001
2025-11-14 11:43:15.004,0.1849011578897791,0.10427423768251007,0.20027753699679515,0.3213227091399684,0.18922435767203166,0.094048703475441,0.03535471790547709,0.12018537785798065,0.15109195475509496,0.13877729254027737,0.5206486660443204,0.6232909317238602,0.9232245983756626,0.3245156083628439,0.5754375488439584,0.9448106415796057,0.0221877571941652,0.07046267279751324,0.3065115069011735,0,Baseline,0.9985,0.9985,0.0,0.0014,0.0001
2025-11-14 11:43:16.019,0.20455190204305285,0.11156150474083366,0.17182307137934325,0.33011520664949023,0.18194831456951763,0.11911952808802213,0.03653063485910107,0.09822542818711898,0.1704935318278595,0.14107420030427895,0.6492812481609104,0.5204942478061578,1.190479767915769,0.33794717454447865,0.6196379073923212,1.0589282482242321,-0.01835387404067962,0.07703934559464001,0.25660235559612043,0,Baseline,0.9998,0.9998,0.0,0.0001,0.0001
2025-11-14 11:43:17.028,0.2593692907904215,0.16073410389845696,0.17512751380778346,0.2690554830120162,0.13571360789703504,0.12808652706668755,0.0794769510533174,0.07244829211407279,0.1469528615154764,0.09202608931172718,0.917811777404422,0.6508973737992487,1.4810309947344436,0.5974013096669187,0.963999240033497,0.7749416250868233,0.003570137023236636,0.11407603627193838,0.23157646708797117,0,Baseline,0.9978,0.9978,0.0008,0.0011,0.0003
2025-11-14 11:43:18.016,0.3319386836913488,0.1946662419813963,0.1722403659033234,0.19598236048936252,0.105172347402363,0.1698592812001488,0.11469330290889956,0.06009838407644321,0.09556374577290985,0.06714767052549975,1.1302009819733574,0.8788564271023154,1.9271827639162975,0.9932844545931356,1.6937170566031383,0.6106137823421558,0.0685688209094404,0.11258532878520659,0.2129951105606108,0,Baseline,0.977,0.977,0.0136,0.0077,0.0018
2025-11-14 11:43:19.020,0.3560088680242024,0.18536832424774802,0.1702959123762579,0.1874597787013253,0.10086711612329292,0.22989812109610755,0.136822075744549,0.05748593418883095,0.0836326259809868,0.06928614139707855,1.0885071213753938,0.9084396902185027,2.0905307834536617,0.9888431302090629,1.8991212488317795,0.5923049402230167,0.09808678403239639,0.06851104023316136,0.20284107781276287,0,Baseline,0.9888,0.9888,0.0055,0.005,0.0006
2025-11-14 11:43:20.015,0.3526513049682856,0.1789581744120745,0.16157164215064576,0.21094002620016966,0.09587885172915678,0.24361716088170096,0.14443939342277728,0.06539914095896911,0.10702077630439803,0.07000377043405547,1.1076087421896135,0.7659600569961209,2.1826310511418274,0.8483841078051857,1.6718083078057326,0.5934138226163678,0.09822143803399494,0.052399730857561756,0.20659408178461708,0,Baseline,0.9927,0.9927,0.0025,0.0043,0.0006
2025-11-14 11:43:20.993,0.35598104536358444,0.1788876322256457,0.142567355442001,0.22835384487457425,0.09421012156000454,0.23799403970787356,0.14144515089176596,0.076051204122683,0.12398767737250516,0.06807872993196902,1.2547586305676697,0.6243264670101918,2.4969321994548888,0.7833790777208539,1.5589009677945256,0.6608112681883774,0.08604507053426264,0.05535955094455533,0.2044972121810957,0,Baseline,0.9941,0.9941,0.002,0.0034,0.0005
2025-11-14 11:43:22.022,0.3557751343874611,0.17792674432941621,0.1376844000509278,0.23331305098718028,0.09530066971172849,0.23849216580056815,0.14177805171906321,0.07877695869375571,0.12479377612581456,0.06699175697952454,1.2922795272435221,0.5901272713510586,2.5839899684783787,0.7626094466232761,1.5248830600487029,0.6921674696247594,0.0784053374816843,0.053949478740777754,0.20415119194248113,0,Baseline,0.9952,0.9952,0.0016,0.0028,0.0004
2025-11-14 11:43:23.037,0.3446436902501159,0.17597351598408345,0.14218510210057425,0.23326308918166797,0.10393460194558322,0.26826126375608117,0.13616889954555264,0.07273233566544644,0.10496461143637824,0.06474373436264717,1.237636721484659,0.6095481994339742,2.4239084188106355,0.7543992881918853,1.477489116191942,0.7309809051742729,0.05462739807163641,0.055571726148003237,0.20486095687440647,0,Baseline,0.9984,0.9984,0.0005,0.0009,0.0002
2025-11-14 11:43:23.992,0.33856972939111796,0.16514681964000258,0.1565226174970574,0.2235176563119468,0.1162431766065623,0.3282071245649164,0.11681420125055195,0.07374244717216387,0.07898170338435687,0.06481429832043198,1.0550986926353976,0.7002695584634931,2.163072105325366,0.7388535428314628,1.5147336448949928,0.7426605243305647,0.04219382810052824,0.05667297091464303,0.21816803978547322,0,Baseline,0.9991,0.9991,0.0001,0.0005,0.0003
2025-11-14 11:43:25.038,0.35067862265199945,0.15149202405146484,0.18678016700258993,0.1958295264851805,0.11521965927184397,0.34571175464481896,0.10108412425682964,0.09925707438521812,0.08189309280291383,0.06126690497249809,0.811071209389443,0.9537895577704367,1.8774937912556797,0.7735912915410953,1.7907340687523776,0.6168730596622484,0.09286770775687003,0.05590039994253317,0.25331728079694366,0,Baseline,0.9833,0.9833,0.0003,0.0143,0.002
2025-11-14 11:43:26.068,0.35833658460248335,0.15265933137903862,0.20046866847632902,0.1756552593547448,0.11288015571262648,0.35313683392267553,0.11199182254167958,0.1163358041755202,0.08096212281396123,0.07091708489304877,0.7615121351591309,1.1412619115426152,1.7874941229025716,0.8690848383872578,2.039999061336465,0.5630812582323436,0.15291682371075488,0.05900931843006582,0.2610515844112579,0,Baseline,0.9116,0.9116,0.0043,0.0734,0.0106
2025-11-14 11:43:26.996,0.3472236815973348,0.1799592005273435,0.18576036299573523,0.1697176020321215,0.11733915240994233,0.3398252761686519,0.1347152689106804,0.09704204239384114,0.07507953497085565,0.0857961480529132,0.9687706674204142,1.0945261412267422,1.8692021123649796,1.0603448774266493,2.0458906853557295,0.63166944875071,0.14956100730543628,0.062389476098238215,0.25001586142563886,0,Baseline,0.9817,0.9817,0.0011,0.0162,0.001
2025-11-14 11:43:28.002,0.3530660036815279,0.2157749694109974,0.155880604034501,0.16129390769357718,0.11398451476347192,0.30447639482976446,0.1632926072764018,0.07863962550910258,0.06407196634177353,0.09085872101728937,1.3842322263577949,0.9664382033961114,2.2649769881159436,1.3377749917447117,2.188960431553751,0.7312295725127422,0.09835337819850881,0.052688437092482415,0.22594757975189567,0,Baseline,0.9921,0.9921,0.0044,0.0026,0.0008
2025-11-14 11:43:29.031,0.37357125968917987,0.22422736140716504,0.13414183391382364,0.1616653244465869,0.10639422014300733,0.30155155222640784,0.19875807348622135,0.08122059577073187,0.05845544344032239,0.09214351211404094,1.6715691007737659,0.8297501401461126,2.784897305639933,1.3869847990278226,2.310769101910374,0.7931471421501993,0.0724801377346769,0.03471987000279093,0.20359454496353324,0,Baseline,0.9861,0.9861,0.0118,0.0014,0.0007
2025-11-14 11:43:29.994,0.37846012214830277,0.21958226185145216,0.1294736817860632,0.16843119191394448,0.10405274190050798,0.29745568783909676,0.20325686362304293,0.08463161348689105,0.06020667025349976,0.09231091931205848,1.6959604597842204,0.7687036624735029,2.923065813042963,1.3036911175379606,2.2469715696837875,0.8036593416401557,0.07061959390284761,0.025557170946199463,0.2030605970309402,0,Baseline,0.9868,0.9868,0.0114,0.0013,0.0005
2025-11-14 11:43:30.987,0.3515445014884806,0.19899391024506335,0.14015086972401158,0.1899050615991211,0.11940565649865202,0.26437386336636143,0.18285037852701702,0.08075980037719979,0.06599105412806602,0.09579810637594817,1.4198548780922877,0.7380048807746544,2.5083288965488504,1.0478599047903696,1.851159100324457,0.8519793577734829,0.06158970010457599,0.025223361308403518,0.21263695244943978,0,Baseline,0.9959,0.9959,0.0032,0.0007,0.0002
2025-11-14 11:43:32.038,0.2828228287498595,0.1613588007862948,0.18044749551875272,0.22088745769953738,0.1544834166923262,0.21532065532348213,0.12933338698766844,0.07886863323965579,0.07347567208945174,0.11617609776795193,0.8942146377829858,0.8169204771916114,1.5673413048121498,0.7305022890922153,1.280393277605816,0.8561127860882054,0.045525343676444424,0.03240702378254416,0.25621841614433755,0,Baseline,0.999,0.999,0.0003,0.0005,0.0002
2025-11-14 11:43:32.998,0.2678965346255344,0.18286073854088342,0.19338891258606558,0.19712397869480558,0.1587298349866561,0.2667222362091556,0.15832389865428953,0.052879204878718,0.06325551700720888,0.11503979065396044,0.9455595289306361,0.9810521482774845,1.3852734222990981,0.9276432551494023,1.3590255371724516,0.8207803883700483,0.07553450532616807,0.04566258798713628,0.2389836876567923,0,Baseline,0.9993,0.9993,0.0002,0.0002,0.0003
2025-11-14 11:43:33.987,0.2899775447279045,0.21236538066692462,0.15948711593177012,0.1902972204548385,0.14787273773465537,0.29323300312287587,0.19343182160006608,0.040877488842251126,0.04338085270936175,0.0724667277718459,1.3315518693200117,0.838094782307511,1.8181877880974495,1.1159667440211294,1.523813794004334,0.9271766411911926,0.1133930681494417,0.05181572351538678,0.15479336583754877,0,Baseline,0.9994,0.9994,0.0003,0.0001,0.0003
2025-11-14 11:43:34.999,0.2978131011738185,0.21262974766880607,0.1287255474788745,0.21689543512627835,0.14393616811144394,0.2597016467472106,0.18008405283371434,0.0399315413489296,0.09666832875524049,0.07078243086408328,1.6518067727436436,0.5934912436908456,2.3135506810502138,0.9803329320494086,1.3730721777049268,1.1181630977598658,0.10320622903290565,0.0700290900332579,0.1178111753494049,0,Baseline,0.9996,0.9996,0.0003,0.0,0.0001
2025-11-14 11:43:35.991,0.3059370363315294,0.17414126985004508,0.159069290234802,0.222042176171506,0.13881022695619624,0.27995792206465264,0.12862802180477204,0.05714379651819196,0.10671638399391573,0.06154603865951474,1.094750964472688,0.7163921999576083,1.9232940352408423,0.7842711011480398,1.3778329316899394,0.8726399547322998,0.08785617903614074,0.07252078959177781,0.20013024563350013,0,Baseline,0.9996,0.9996,0.0001,0.0002,0.0001
2025-11-14 11:43:36.984,0.314103654237879,0.12343174972262169,0.26284114558377925,0.1849308353773141,0.1146926146548303,0.3320473476245921,0.09949808071082514,0.1849325659788719,0.07341584250950875,0.08053375671856218,0.46960587069584114,1.421294241355491,1.1950322373992155,0.6674481451203237,1.6984925018701658,0.4363571389727536,0.06488148086730065,0.04773690253044319,0.41969412704156667,2,Focused,0.8626,0.1073,0.0039,0.8626,0.0262
2025-11-14 11:43:38.048,0.34112491292223335,0.11716648688134677,0.3032069314335869,0.15053907080606166,0.08796259758764376,0.37539329035898783,0.1051161638459277,0.25264208614142686,0.06694568444805564,0.06229056862103013,0.3864241574660994,2.0141409779444985,1.125056409689591,0.7783127560895065,2.266022291990091,0.29010746644436797,0.02962830801425939,0.038804201608020686,0.5206203007208197,2,Focused,0.9979,0.0,0.0,0.9979,0.0021
2025-11-14 11:43:38.999,0.3417973040199571,0.12698596510324917,0.29808109739933336,0.147916909580582,0.08521872352443885,0.32350493442387285,0.09621689914488127,0.22222956106711667,0.0779903142848353,0.058477471059216406,0.4260114510817641,2.0151927057738996,1.146658729907555,0.8584951975968503,2.310738386042127,0.28589105920850266,0.03307817204411617,0.03884370603112923,0.49903543859759636,2,Focused,0.9971,0.0,0.0,0.9971,0.0028
2025-11-14 11:43:39.971,0.3086647628626783,0.1395670306409598,0.2846244301091126,0.1643219829985812,0.10282179296568338,0.21645346259932563,0.10244725346634012,0.16740773909923465,0.07869603396609652,0.07933920561919745,0.49035504676778946,1.732114033643507,1.084463311528517,0.8493508878155152,1.8784141868662914,0.36125426518631354,0.09248681640789952,0.03948615212990621,0.4331575326031618,2,Focused,0.9519,0.0152,0.0042,0.9519,0.0287
2025-11-14 11:43:41.016,0.3134114224309649,0.1553598505041185,0.23025498319920457,0.16664883606259998,0.13432490732496802,0.24271701320388078,0.12933121844580645,0.11863017432921454,0.07982406153225195,0.1279218783105189,0.6747295611075382,1.3816776331755192,1.3611492983338598,0.9322587835127231,1.880669622598137,0.5833745685973339,0.1363294005052021,0.03709362168182195,0.32276611860790244,0,Baseline,0.8538,0.8538,0.0127,0.1168,0.0168
2025-11-14 11:43:41.994,0.3512417080378879,0.18140571604465133,0.17157438115346657,0.15815684695998533,0.13762134733036088,0.3638945327276954,0.1703834406601827,0.08225845747069589,0.08879396231511158,0.1418306886268961,1.05730065439889,1.084836816129167,2.04716861109952,1.1469987424607717,2.220844007583903,0.8021089068430031,0.11036192497330985,0.047944990004868834,0.23604294389753663,0,Baseline,0.9979,0.9979,0.0011,0.0008,0.0003
2025-11-14 11:43:42.978,0.38018961728894246,0.18790303303268518,0.15983429897639564,0.16048063679955105,0.11159241343039253,0.4130129306985374,0.1934391825935746,0.07640095372698286,0.09472331288477742,0.10974108276612944,1.1756113830381356,0.9959724251114047,2.378648362318061,1.1708765934087129,2.3690683261254533,0.698175592868941,0.08156292400784815,0.05494763165905704,0.2277081375112262,0,Baseline,0.9979,0.9979,0.0012,0.0006,0.0003
2025-11-14 11:43:44.000,0.39623943001660594,0.18382650708985213,0.1673009868381969,0.15439217741340347,0.09824089815314678,0.4278815341986886,0.20456947290120864,0.08608296445153503,0.08950173317873471,0.08298288943684802,1.0987771176739471,1.0836104445507246,2.3684224093405972,1.1906464321127517,2.5664474132724586,0.5872104769833455,0.068772429587416,0.050823696392293685,0.24910704861696226,0,Baseline,0.9959,0.9959,0.0015,0.0021,0.0005
2025-11-14 11:43:44.997,0.4048538442131171,0.18331583858125094,0.16471377194848869,0.14332505399215065,0.10379149077674443,0.42041169040727044,0.20352145631602944,0.0897582066371264,0.07913513198669289,0.06795475176924368,1.112935641527433,1.1492321535437056,2.457923310507969,1.2790215017192696,2.824724670873263,0.6301324002699628,0.048226992084359266,0.06293627791088016,0.25240501886049305,0,Baseline,0.9949,0.9949,0.0018,0.0025,0.0008
2025-11-14 11:43:45.966,0.42396501060727876,0.18890491621746403,0.1490398473660346,0.1381661859624088,0.09992403940490925,0.34770382514261433,0.1717211141556737,0.0860556129709774,0.06454131561562089,0.05639914647021501,1.2674791801063174,1.0786997957632432,2.8446418166252094,1.3672296244506859,3.0685147524987078,0.6704517916942224,0.027694210144332106,0.07707593847974697,0.2344590112140861,0,Baseline,0.9856,0.9856,0.008,0.0046,0.0019
2025-11-14 11:43:46.971,0.42353675528384116,0.21190524218049633,0.14778291336322558,0.1373925666392873,0.0793825222172686,0.24146874173542468,0.13867735892116967,0.09345523570701474,0.04869920363239614,0.025838172968773006,1.4338953199597282,1.0756251682448408,2.8659384023880694,1.5423339991420044,3.0826756848428674,0.5371562587252365,0.02442697878394532,0.07351581843403529,0.23828813939253224,0,Baseline,0.7886,0.7886,0.1073,0.0805,0.0236
2025-11-14 11:43:47.996,0.3863040816599789,0.19068399415068898,0.1653079951941608,0.16550980549664907,0.09219412321748587,0.21057017906111553,0.1354077042048973,0.10636405587676961,0.06504736767687286,0.03470387714215192,1.1535073206329183,0.998780614298417,2.3368746190255547,1.1521008199936613,2.334025208721232,0.55771118349169,0.023059203878324913,0.06080116137982061,0.26609210990577303,0,Baseline,0.828,0.828,0.0287,0.1265,0.0168
2025-11-14 11:43:48.972,0.39228698299620823,0.1448063411090129,0.15129090171134488,0.2006863706663669,0.1109294032043545,0.2521739962894358,0.09142862762026373,0.09367017563056781,0.09223873933332769,0.05156163132802287,0.957138399597299,0.7538673088277972,2.5929315816714174,0.7215553971734019,1.9547264826524011,0.7332192129029005,0.014692394257093691,0.05356129999927765,0.23832945056253907,0,Baseline,0.9896,0.9896,0.0011,0.0086,0.0007
2025-11-14 11:43:49.971,0.4358919030910986,0.15035637476901967,0.11386404589223734,0.19462601664364498,0.10526165927729228,0.30296875920975364,0.09016316669775234,0.06584001672883953,0.10819879484153738,0.0535106298059415,1.320490242428385,0.5850401811917958,3.8281782576200634,0.772539918539868,2.2396382981665908,0.9244502881305537,0.006926656231092891,0.0616577600304008,0.17340571533655852,0,Baseline,0.998,0.998,0.0013,0.0004,0.0003
2025-11-14 11:43:50.989,0.43695236647212904,0.16320633076360005,0.11014965562309516,0.1891427932950161,0.10054885347230656,0.3291254520991158,0.10242335207432252,0.04676493394103088,0.09596532715255696,0.050973299663456165,1.4816779500906672,0.5823623934096445,3.9668968943334946,0.8628735956135665,2.310171779523597,0.9128384812021111,-0.0007157014355053115,0.0682877594402242,0.15643418102379375,0,Baseline,0.9981,0.9981,0.0013,0.0002,0.0004
2025-11-14 11:43:51.983,0.4423242427816249,0.1598495478018361,0.11518355351273799,0.19445654104545915,0.08818611443512515,0.3534074989495572,0.11453337884767774,0.0320381724801222,0.08040013817602618,0.03769119725769585,1.3877808858045844,0.5923356806107855,3.8401680699235263,0.822032206898842,2.2746687648400203,0.7656137016925404,0.024056985487552196,0.07557199584567414,0.13955397629351188,0,Baseline,0.9987,0.9987,0.0008,0.0002,0.0003
2025-11-14 11:43:52.981,0.45838738092929243,0.16099058860005455,0.11285949682546313,0.19026386810689866,0.07749866512282956,0.32754431902631154,0.1080001277433999,0.03645482490690781,0.07184766087253075,0.029651192743758187,1.426469006718468,0.5931735332444642,4.061575261339632,0.846143735752106,2.4092191617777816,0.6866826490982368,0.05767596833030879,0.09511686056770109,0.123178490388616,0,Baseline,0.9966,0.9966,0.0025,0.0005,0.0004
2025-11-14 11:43:54.006,0.46298577347019515,0.1788310457944306,0.1195081107674893,0.1699707227903557,0.0687043467831115,0.2948462169115363,0.08947420448502251,0.026011066704846257,0.061238675606446316,0.02598708070880006,1.496392417904034,0.7031099343137639,3.874094668185467,1.0521284626983596,2.7239146756003483,0.5748927047123452,0.04081452901477471,0.12831115808007704,0.13694666960425486,0,Baseline,0.9751,0.9751,0.0206,0.0012,0.0031
2025-11-14 11:43:54.958,0.4497484574945196,0.19121455287180747,0.13550797137886678,0.1597508873991704,0.0637781304635101,0.299235023775543,0.08305742496888847,0.02716175205064579,0.05922128631236547,0.023234358670507885,1.4110943940430394,0.8482454470366593,3.3189813095736986,1.196954483416883,2.8153109924054496,0.47065958635449534,0.012599911137505485,0.14587961165254446,0.16175901399373765,0,Baseline,0.9456,0.9456,0.0381,0.003,0.0133
2025-11-14 11:43:55.984,0.42037935554671324,0.1740909275990327,0.13019263027933406,0.18974957847886703,0.08558750769251254,0.33238255539427497,0.09656108663234549,0.027598281514990303,0.032429146431584566,0.022872479804094382,1.3371794843818585,0.6861286568420358,3.228902606512709,0.9174772340463954,2.215442778646828,0.6573912896219077,0.005626154786597851,0.12057386929594374,0.15771099583188813,0,Baseline,0.9947,0.9947,0.0011,0.0003,0.0039
2025-11-14 11:43:56.994,0.39349886055499306,0.15549846854125238,0.1393503404613616,0.20720997780799386,0.10444235222321098,0.33425770653363035,0.09908837125115834,0.011960957177348942,0.019589209620125725,0.05877453320305783,1.1158814314167673,0.6725078358215398,2.8238096226683016,0.7504390603282178,1.8990342343903774,0.7494947223126666,0.007386477749787734,0.10206646999045993,0.14477048801157844,0,Baseline,0.9981,0.9981,0.0002,0.0001,0.0016
2025-11-14 11:43:57.971,0.3600356361476429,0.14849635050032944,0.18192330442929425,0.21046370521019364,0.09908100321959913,0.29628641928223237,0.07869399078814286,0.01671032328675917,0.04512962163681649,0.028438176552734753,0.8162579434426673,0.8643927255945492,1.979051653039079,0.7055674673043933,1.7106779464957618,0.5446305963060477,0.010645479599768026,0.0991147944475572,0.17853766830887133,0,Baseline,0.9974,0.9974,0.0002,0.0004,0.002
2025-11-14 11:43:58.970,0.3034949319229962,0.147124017998951,0.22866452998761846,0.2266970392176425,0.09401948025379137,0.23170462354994115,0.07313715540408719,0.07348213480828203,0.08142728330848095,0.021461118360206876,0.6434054795156142,1.0086788988950937,1.327249655497217,0.648989559002611,1.3387687796131091,0.41116773181745736,0.06332284837307922,0.08924833299113238,0.27276828413488863,0,Baseline,0.904,0.904,0.0007,0.0905,0.0048
2025-11-14 11:44:00.012,0.2905646579163894,0.25450225772886337,0.2330121168669764,0.16242374753369884,0.059497219526924036,0.23821682383467263,0.2864415836190378,0.17113778638513605,0.06432358932059987,0.015071981968904795,1.092227521163117,1.4345938082280374,1.2469937158346656,1.5669029062824171,1.78892954040978,0.2553395839388661,0.12225853092553682,0.08543076887871567,0.32750198019965465,2,Focused,0.5321,0.296,0.0654,0.5321,0.1064
2025-11-14 11:44:00.978,0.2925173434297468,0.31734675440200905,0.21641480195474036,0.12926442326584012,0.04445667662302078,0.24948986038596463,0.42084058211260283,0.19268852366100164,0.06259308481772854,0.008570968347077981,1.4663818596130886,1.6742022262973935,1.3516512145708495,2.4550198874068188,2.2629375771769116,0.20542344685870287,0.10221242376627451,0.07435516983855295,0.3234779074013983,0,Baseline,0.5808,0.5808,0.1658,0.2029,0.0505
2025-11-14 11:44:01.970,0.34046851784604965,0.2797766080126799,0.19722375440360151,0.133487764689035,0.04904335470626259,0.289126696831742,0.357237817482342,0.17594742398172783,0.06383020120486563,0.014165085110393211,1.4185745255330442,1.4774667932178955,1.7263057465494374,2.0958968614499005,2.550559544791157,0.24866858643819195,0.05696942950447821,0.07060077566773856,0.30403252942543657,0,Baseline,0.6105,0.6105,0.1309,0.2174,0.0412
2025-11-14 11:44:02.974,0.4517189271824318,0.23374229936164762,0.15356208810859512,0.1148753603166823,0.04610132473716789,0.48745515998997657,0.2900504700468584,0.14003526286597842,0.04712679065102338,0.017548049322966355,1.5221353591844724,1.3367712128828255,2.9416042939383904,2.034746862772057,3.932252195898539,0.3002129125936156,0.027861011099163946,0.0652888877581212,0.2437466587328562,0,Baseline,0.922,0.922,0.0362,0.0313,0.0105
2025-11-14 11:44:03.967,0.4881319376326022,0.2566560378387067,0.12258057370232155,0.08908529126352266,0.04354615934318223,0.6328453796365932,0.3643009644063832,0.12950302351117965,0.037961704985536,0.01920569474998644,2.093773990030739,1.375991010455437,3.9821309614416327,2.88101442323795,5.479376852401972,0.3552451622267606,0.01872526631676061,0.04261123405511103,0.20750895775592176,0,Baseline,0.9343,0.9343,0.0446,0.0077,0.0134
2025-11-14 11:44:04.961,0.46259133813788805,0.2497676110480392,0.12453915245451254,0.10138513409503966,0.0617167640083307,0.608473744081198,0.36171841117816805,0.12387491966996468,0.04513190023123837,0.04414692283565103,2.005534693870018,1.2283767367117222,3.7144246759074506,2.463552360431663,4.562713228520437,0.49556109734456033,0.02315991201885419,0.031153284904233972,0.2136567207389846,0,Baseline,0.9649,0.9649,0.0258,0.0028,0.0065
2025-11-14 11:44:05.966,0.3713186179491345,0.18199069692945216,0.1576075767561915,0.17640345718450243,0.11267965069456608,0.3865440113563436,0.21388620338340808,0.09823615706363405,0.0650732039941893,0.08309933259997017,1.1547077185502481,0.8934494274500167,2.35596918645509,1.0316730154691687,2.1049394542839006,0.7149379862587074,0.009183384404587644,0.03949493272812801,0.24607788094017163,0,Baseline,0.9978,0.9978,0.0009,0.0008,0.0005
2025-11-14 11:44:06.964,0.29496846742929955,0.10704255293651002,0.17788842597286011,0.25760875137560857,0.16249180153739548,0.17559732228784605,0.0525186403603506,0.07638311694045928,0.0683015984038141,0.10411725602973486,0.6017398059131914,0.6905371735920443,1.6581655002818845,0.4155237281717905,1.14502498228008,0.9134478059168858,-0.08192988723499615,0.05629706010736949,0.24846710729445068,0,Baseline,0.9991,0.9991,0.0001,0.0001,0.0006
2025-11-14 11:44:07.959,0.2909394410512443,0.08276944093854609,0.14518080926420587,0.2505274521531398,0.2305828559285917,0.16822764603981843,0.04284630571672361,0.056599420238918764,0.05792778261613585,0.11003312885571141,0.5701127832039503,0.5795005785651605,2.0039798819552126,0.33038071047058165,1.1613075810164153,1.5882460031374241,-0.042645962783126365,0.04936777328592567,0.19820089254547574,0,Baseline,0.9997,0.9997,0.0,0.0,0.0002
2025-11-14 11:44:08.942,0.28090021887135114,0.09880911931491208,0.14049886406428316,0.22543282622348051,0.2543589709892596,0.19482644679595748,0.09356162900392248,0.06632742431557671,0.06443734825131828,0.13380004451783034,0.7032733890073983,0.6232404578585928,1.9993058360227816,0.4383084601613169,1.2460483733296228,1.8103986432865038,0.0389095344507773,0.03608193677760875,0.19425040299632917,0,Baseline,0.9999,0.9999,0.0,0.0,0.0001
2025-11-14 11:44:09.965,0.3296600588097418,0.1415898633486054,0.13556155078436039,0.19691469186698282,0.19627383470750676,0.29661372434959493,0.16859312212236463,0.05746066696020658,0.06056444831582019,0.09816600589400748,1.0444691144699516,0.6884277786223048,2.4318107353022924,0.7190416053558576,1.6741261860296717,1.4478575901005022,0.04883040211628267,0.03795884389840089,0.1778338877375839,0,Baseline,0.9999,0.9999,0.0,0.0,0.0001
2025-11-14 11:44:10.964,0.3854262408509429,0.16009996677470031,0.11905636283541812,0.18744691701711588,0.1479705120562901,0.3457502612739119,0.19621821625857697,0.03574432880211528,0.056575595112406604,0.06138218409849909,1.344740839669459,0.6351470505811334,3.2373423754791424,0.8541082498518714,2.056188634214043,1.2428609114511031,0.03597137324081552,0.04275515732726039,0.14785258733260936,0,Baseline,0.9998,0.9998,0.0001,0.0,0.0001
2025-11-14 11:44:11.938,0.4072423325145826,0.11994036204637727,0.12354706711180653,0.2254804732063327,0.12378976464255309,0.29386594446513314,0.103599450283653,0.038102887862875565,0.08703902878611677,0.049404456168718254,0.9708069575602725,0.5479279862938341,3.2962522629818274,0.5319323443910764,1.806109010960045,1.0019643324344043,0.06727645322862294,0.06230340353417365,0.1490434987332607,0,Baseline,0.9998,0.9998,0.0001,0.0001,0.0001
2025-11-14 11:44:13.011,0.3942501349379547,0.08144222907379993,0.14126350752359354,0.26964850824874764,0.11339561968535683,0.22067486142065412,0.031307883036457915,0.04178334018700824,0.12532123870513123,0.048452355360435045,0.5765269795168283,0.5238801549551984,2.7908843121657925,0.3020310647458126,1.4620890094202688,0.8027240272168483,0.09673039179630184,0.08737472844765296,0.16084639371807052,0,Baseline,0.9995,0.9995,0.0001,0.0004,0.0
2025-11-14 11:44:13.962,0.36740188115372124,0.08785279405820741,0.14300075306324087,0.282640014800057,0.11910455633117716,0.22393787887272784,0.03004356775730108,0.03807785916429697,0.14585715313040487,0.06741956008596232,0.6143519249568987,0.505946576973312,2.5692302144656454,0.31082927522510495,1.2998933233664476,0.8328945509088241,0.06089500261078244,0.10045299428045878,0.17264870701397136,0,Baseline,0.9998,0.9998,0.0001,0.0001,0.0
2025-11-14 11:44:15.935,0.3651851997002083,0.09340447108704165,0.12865304200236424,0.2928236874983581,0.11993359909360017,0.23913252470599208,0.03427907185198319,0.05670984196256912,0.15224892008041901,0.07658424816373224,0.726018307636613,0.4393532460025221,2.8385272950500804,0.31897852491110423,1.2471162778834044,0.9322250597785754,0.06287201067708961,0.10733045789309631,0.17999010901094634,0,Baseline,0.9998,0.9998,0.0,0.0001,0.0
2025-11-14 11:44:16.921,0.2635952441151078,0.11427839770989003,0.14667492268221108,0.2666969145543031,0.20875452043077725,0.1675602188316325,0.058487156632466036,0.08924606456854772,0.08402972963917234,0.10145524105081295,0.7791269825055107,0.5499685567328171,1.7971390154732076,0.42849537129409754,0.9883700179731029,1.4232460626593166,0.038292366953820656,0.06977954973425246,0.227654020556622,0,Baseline,0.9999,0.9999,0.0,0.0,0.0001
2025-11-14 11:44:17.944,0.20405613562117156,0.11598871754442093,0.161898470539326,0.25172322527970503,0.2663334506165811,0.14531466951112332,0.09651891345501766,0.11832515870892231,0.06054506427355673,0.13070324300562458,0.7164286975271931,0.6431606139156393,1.260395619164599,0.46077874938933944,0.8106368702691762,1.6450645474210446,0.011702585690964086,0.03388384754387647,0.26325918954916616,0,Baseline,0.9999,0.9999,0.0,0.0,0.0001
2025-11-14 11:44:18.931,0.21304800815114647,0.09763398273126166,0.1532148508730925,0.2776953403249334,0.2584078175350757,0.15878297188685195,0.08571293869323414,0.08856371898987232,0.08554434528101436,0.10206656766430364,0.6372357235773078,0.5517371849900067,1.3905179101889706,0.3515866672489093,0.7672004875193531,1.6865714987602558,-0.0007693574132321412,0.02646952358311191,0.24042042787471174,0,Baseline,1.0,1.0,0.0,0.0,0.0
2025-11-14 11:44:19.925,0.19491175808746677,0.09393061805864543,0.12601838227468012,0.3002683512083717,0.28487088996633453,0.14827409887632412,0.0919117177032659,0.0668803173288684,0.1104468605534075,0.09675603013155733,0.7453722933864009,0.41968584957650423,1.5466929435397094,0.31282222902419654,0.6491251935538006,2.260550105617967,-0.0178929488994582,0.029313300459276444,0.1884194832167962,0,Baseline,1.0,1.0,0.0,0.0,0.0
2025-11-14 11:44:20.947,0.17313953775150542,0.09877122099452398,0.10512356895594693,0.31662610254496565,0.30633956935977585,0.14078866449986058,0.09421067258137568,0.051223506556547706,0.0961667646585175,0.10656032068889547,0.9395724724699017,0.3320116844153775,1.6470095431593064,0.3119490688895629,0.5468264646900121,2.9140899920097896,-0.028613090715157947,0.02980277797237523,0.1533076091886417,0,Baseline,1.0,1.0,0.0,0.0,0.0
2025-11-14 11:44:21.937,0.17016415033321894,0.10011274786878123,0.10387409092706539,0.32817275219126296,0.29767625830059635,0.1390538868483042,0.09019993711874646,0.037155434970076055,0.08181470145408155,0.10059696011211841,0.9637893081652262,0.31652258473092393,1.6381768777252643,0.305061112324838,0.5185200295021598,2.865740888670681,-0.011694397766799883,0.028466545361786923,0.13990718747852457,0,Baseline,1.0,1.0,0.0,0.0,0.0
2025-11-14 11:44:22.893,0.1738330948829491,0.1050324299370705,0.1126938651983302,0.33519854550818984,0.2732420640795246,0.1364837828001503,0.09521970488512288,0.037472893709821486,0.10560193095068195,0.08349236934966751,0.9320154245492375,0.3362003306591719,1.542524778538495,0.31334392171777803,0.5185973866128486,2.4246398803718954,0.005750105170928305,0.025790844613289288,0.14857022957157484,0,Baseline,1.0,1.0,0.0,0.0,0.0
2025-11-14 11:44:23.938,0.21197211166014543,0.10749760280995682,0.12278582096025355,0.3389583705217625,0.21878609364160248,0.131272265709902,0.09973868546162754,0.04715159337627874,0.13540741122513972,0.07075047351802123,0.875488661592838,0.3622445350701993,1.72635645336604,0.31714100900672393,0.6253632417462414,1.7818513091500334,0.0423616116820851,0.023062848273156175,0.16358469717027135,0,Baseline,1.0,1.0,0.0,0.0,0.0
2025-11-14 11:44:24.938,0.2567798893961262,0.10515825516299113,0.12873764365353269,0.32155599252693196,0.18776821886061673,0.15344018623567374,0.09611297352955839,0.043777374203245185,0.148107678260962,0.07878944076267677,0.8168414770553455,0.4003583905815916,1.9945981778352844,0.32702936451694314,0.7985541783646835,1.458533797469628,0.07594606229284262,0.027337176765122845,0.15904977737656253,0,Baseline,1.0,1.0,0.0,0.0,0.0
2025-11-14 11:44:25.912,0.28343131950116457,0.10805852912870041,0.12977383226947525,0.3059608321754042,0.17277548653014413,0.1573483154885507,0.09049098214945131,0.03929342136150392,0.1575748069255507,0.08277699307320997,0.8326680264603478,0.42415176839877194,2.184040439464062,0.3531776431271279,0.926364686036118,1.3313583346894824,0.0791041565411845,0.0390202148074751,0.15361177654444114,0,Baseline,1.0,1.0,0.0,0.0,0.0
2025-11-14 11:44:26.937,0.31027094231539837,0.12164189550705591,0.11969127010455807,0.28960750143153136,0.15878839025605582,0.11987117333631071,0.07699504769267727,0.03768476391877685,0.16277127498870042,0.0903238681225864,1.0162970552307056,0.4132878650588983,2.5922602051240213,0.4200232753141637,1.0713497753622743,1.3266496115451676,0.0511679161021546,0.0705395662637007,0.1498363648655647,0,Baseline,0.9998,0.9998,0.0001,0.0,0.0
2025-11-14 11:44:27.936,0.37061441539781137,0.18880261998352646,0.13287641608046144,0.20338361832298668,0.10432292991297758,0.23273962269572415,0.19972160282637652,0.07044921860215132,0.10959826559967445,0.05658034051123315,1.420888757718391,0.6533289683938812,2.789166041938779,0.928307856145114,1.8222431099972862,0.7851124009747696,0.03504502632062754,0.07199024523524031,0.19041273991140734,0,Baseline,0.993,0.993,0.0058,0.001,0.0003
2025-11-14 11:44:28.936,0.4236210541741209,0.22156967789293042,0.15889866114997178,0.1325657731091154,0.06334483342978287,0.36748000347704396,0.27238936264404384,0.12569741073783217,0.05879320984600822,0.030019983219068746,1.394408627142064,1.1986400821030996,2.6659823591243175,1.6713941765089984,3.1955535149325582,0.39864923332176094,0.04348482076070431,0.05082785122785381,0.2417195683223389,0,Baseline,0.9019,0.9019,0.0481,0.041,0.009
2025-11-14 11:44:29.935,0.429656903548535,0.20573658419308913,0.16144898964198515,0.1324528185949834,0.07070470374325784,0.40299556455639424,0.21887277825819876,0.1321642963656629,0.052159804435778986,0.04110976072980721,1.274313155543312,1.2189168880316383,2.661254665568097,1.55328192214146,3.2438484561348817,0.4379383204606177,0.02680474345989088,0.04347244899416904,0.25056718430213254,0,Baseline,0.9252,0.9252,0.0169,0.0495,0.0083
2025-11-14 11:44:30.933,0.41884549253298287,0.18186052608790143,0.14594406511065217,0.16423455203868081,0.0891153638906506,0.4366223421149658,0.16479909503641055,0.11045477042657821,0.07363408365938254,0.05948516275800069,1.246097355785208,0.8886318646880135,2.869904052051594,1.1073218927272406,2.5502883639945146,0.6106130983603475,0.010605352999710008,0.04091801009416442,0.23254402532741394,0,Baseline,0.9945,0.9945,0.0008,0.0036,0.0011
2025-11-14 11:44:33.930,0.31553555918753734,0.15096513192081143,0.16933926512112765,0.2424203051851383,0.1217397382147769,0.20597457832939206,0.09134513225818411,0.1354262752242337,0.10220287300533738,0.052294779026142664,0.8914950876742961,0.6985357848074817,1.863333588512388,0.6227412574953471,1.3016052674733978,0.7189102358427896,0.027161914687466947,0.06569659234166796,0.2875754115046241,0,Baseline,0.9474,0.9474,0.0004,0.0509,0.0012
2025-11-14 11:44:34.905,0.31726933753005526,0.18529866382582771,0.15370357128650025,0.21984786440103377,0.12388056261888183,0.2263653163015276,0.1788498721268342,0.10444303857900822,0.09169389061687926,0.04807462798695286,1.2055585320450986,0.6991360353392505,2.06416359901642,0.8428494672994501,1.4431312487984802,0.8059705673869177,0.027291146089780116,0.04095862917415018,0.2458990271375818,0,Baseline,0.9952,0.9952,0.0009,0.0034,0.0005
2025-11-14 11:44:35.905,0.40919476632054574,0.2298319870291888,0.13752608495735202,0.1499430031843097,0.07350415826464865,0.3919193492272549,0.2825598902471906,0.10777995571619058,0.08067425645800036,0.01406474191827747,1.6711881995955866,0.9171890175923382,2.9753972614974664,1.5327955744538742,2.729001889655,0.5344742631385185,0.02135222267192262,0.016425087188160853,0.23027985942691767,0,Baseline,0.9787,0.9787,0.0143,0.0054,0.0015
2025-11-14 11:44:36.927,0.45645182729429756,0.2634736755793758,0.14236107511478377,0.09616138835411227,0.04155203351659728,0.5761820389388089,0.34394347572340334,0.15524978094325592,0.05669528203044907,0.008864279270876319,1.8507422542258696,1.4804389032545284,3.2062963479539848,2.739911025515038,4.746726182302629,0.2918777521476073,-0.001365081341472868,0.013929931042564833,0.26293767758927244,0,Baseline,0.924,0.924,0.0462,0.0172,0.0125
2025-11-14 11:44:37.903,0.4556492636452873,0.29341036133345544,0.13495888747679347,0.07954748808480097,0.0364339993508974,0.6094914337712235,0.39128684984628914,0.1545387287353297,0.04578141143642108,0.00958784298891135,2.1740720087307186,1.6965824284369275,3.3762076614743934,3.688492641474,5.728015017638218,0.2699636706587821,-0.011701511781603226,0.019808124339148813,0.25327644891416745,0,Baseline,0.8444,0.8444,0.0944,0.0273,0.034
2025-11-14 11:44:38.904,0.45418125036404317,0.30813176586252955,0.12334839493290033,0.07737873084417397,0.0369598578889887,0.5987309933611317,0.40567455225736404,0.12845104228274132,0.04126219791367634,0.00873771707056459,2.498060400782228,1.594086354820641,3.6821007179712697,3.9821243212402253,5.869586987447594,0.2996379070251805,-0.004536055613826636,0.029764475994629433,0.22406870680307167,0,Baseline,0.7981,0.7981,0.1246,0.0327,0.0446
2025-11-14 11:44:39.898,0.44826761026812734,0.3087292639832995,0.12343059306920735,0.07883536382666197,0.040737168747151074,0.5872785626112934,0.393950720299368,0.11813098747762338,0.037274022619431024,0.008762482916470622,2.5012375886245604,1.5656752429511964,3.6317379897818727,3.9161260865219347,5.686122720160479,0.3300410735602564,0.015453280327579255,0.04205640048791533,0.21490356800387836,0,Baseline,0.8116,0.8116,0.1202,0.0248,0.0434
2025-11-14 11:44:40.932,0.44063523937416976,0.30314259562846196,0.12090706897223658,0.08071293873778553,0.05460215718287534,0.5832651955178789,0.3915479314686314,0.11798275184204988,0.03433532091053732,0.023847839699991828,2.507236120542383,1.4979884995285062,3.644412247155116,3.755811184811127,5.459288085306785,0.4516043034619455,0.019877881955670487,0.036780660609970775,0.21270090913061207,0,Baseline,0.8544,0.8544,0.097,0.0164,0.0322
2025-11-14 11:44:41.908,0.43802815401171247,0.2969566655382751,0.11743013143186365,0.08110203813895796,0.06648301077309972,0.5988099058184851,0.4046344615079479,0.1238386163070571,0.03556598708661509,0.03529387370781606,2.5287942424098837,1.4479305285935835,3.730116890524815,3.661518695920946,5.400950580942265,0.5661494567106102,0.006571770845170346,0.015576002609009376,0.2159998190171965,0,Baseline,0.8897,0.8897,0.0734,0.013,0.0239
2025-11-14 11:44:42.884,0.4443111095381938,0.29935337668069767,0.11743958374216316,0.08025978312386124,0.05863614680707582,0.6107942493713131,0.41397348870160944,0.12775014730596237,0.03816484414844041,0.01917131065950742,2.5489987417524915,1.4632430407704151,3.7833161319824735,3.7298049873953625,5.535911472541537,0.4992877183806561,-0.004014736478975087,0.009919076069901108,0.21990285854712235,0,Baseline,0.8819,0.8819,0.0757,0.0163,0.0262
2025-11-14 11:44:43.897,0.4492136571268968,0.3019114199597646,0.11889456915275798,0.0821125302902459,0.04786782336184947,0.6114442307182513,0.41494385265635275,0.12755650398353324,0.03708983756759462,0.007638711029769037,2.539320313097397,1.4479465466845556,3.7782517952289374,3.6768003875241027,5.470707099537373,0.40260728203888924,-0.00016717300850723968,0.012435165795695195,0.22087391612474544,0,Baseline,0.8718,0.8718,0.0815,0.0188,0.0279
2025-11-14 11:44:44.904,0.4434452091801006,0.29686942970380675,0.12461472970467173,0.08369065919770312,0.05137997210707363,0.5997352048739091,0.40782815671606915,0.11987837636180146,0.03453735275726366,0.01217639491831361,2.382297875896276,1.4889919139049228,3.558529353999655,3.547222558377563,5.298621858699045,0.4123105519366376,0.033374156963210916,0.01238687060541248,0.2171257468358458,0,Baseline,0.8878,0.8878,0.0745,0.0143,0.0235
2025-11-14 11:44:45.856,0.4892244349394075,0.2357698041530593,0.11888838494499125,0.09262109272112673,0.06349628312161534,0.6774028378347111,0.29388245381076705,0.09162677702016878,0.04023428571004217,0.02402952887967643,1.98311874142256,1.2835993251230533,4.114988979082171,2.545530092239774,5.2819975207206875,0.5340831050078066,0.055949039590489254,0.012506074845065693,0.19368044858668856,0,Baseline,0.9881,0.9881,0.0066,0.0008,0.0045
2025-11-14 11:44:46.860,0.5907443308112181,0.1255184872739288,0.09333709295454137,0.11578676362088337,0.07461332518973378,0.8556980222636863,0.11500895850945662,0.06278109366903452,0.05027887091276707,0.025699524139126618,1.3447866207617454,0.8061118730205904,6.329147917724986,1.084048577818652,5.102001829202633,0.7993961975236497,0.02770027175486587,0.010606547163351514,0.1553495761774583,0,Baseline,0.9986,0.9986,0.0,0.0,0.0014
2025-11-14 11:44:47.918,0.6242366994651811,0.08676785746378395,0.0793741763265682,0.13003630859559673,0.07958495798143678,0.9221916447485808,0.1012829350863116,0.06508217416352709,0.054998846714344865,0.02508840400526509,1.0931495676289023,0.6104000573364121,7.864479982155561,0.6672586428228988,4.800479636819855,1.00265541814818,0.007015470900358296,0.011381464375260738,0.14107780573385026,0,Baseline,0.9993,0.9993,0.0,0.0,0.0007
2025-11-14 11:44:48.895,0.4977111799006777,0.09492144408754886,0.10161698424851438,0.17619671002015744,0.12955368149378815,0.6786807699562764,0.09940056074763452,0.07122953917935085,0.08203864891473885,0.04421766883259804,0.93410993692068,0.5767246077957019,4.897912830244476,0.5387242400238187,2.8247471340200776,1.2749214090799799,0.028014496517823936,0.019875488877421587,0.16959375205949248,0,Baseline,0.9999,0.9999,0.0,0.0,0.0001
2025-11-14 11:44:49.884,0.1894769369911906,0.10804594828688283,0.14822361568273806,0.301166946079042,0.2530865524808939,0.13686031897184453,0.09425019590424628,0.07931154656140646,0.13843550124926066,0.08304295534561643,0.7289387760500972,0.49216427197888346,1.2783180556974922,0.35875764623568435,0.6291425176853132,1.7074643216635879,0.0516871319243976,0.03593076803394133,0.22539996040705768,0,Baseline,1.0,1.0,0.0,0.0,0.0
2025-11-14 11:44:50.903,0.2101876527629774,0.10771031154684187,0.1374255229917646,0.32057507004074554,0.22410144214360878,0.13934860538702112,0.09270158481189446,0.05416036072520255,0.09621576994881338,0.04637078666712358,0.783772194307564,0.428684359914369,1.5294658000385792,0.33599090588436176,0.6556581152105219,1.6307118281799813,-0.009404436534952113,0.046580439270762955,0.19142489483949565,0,Baseline,1.0,1.0,0.0,0.0,0.0
2025-11-14 11:44:51.879,0.26292491076762103,0.1072911825485867,0.16788831991898065,0.2834763854630796,0.1784192008291675,0.20531060291087502,0.08800053694300217,0.06508429253500848,0.04917188183411751,0.05099513907717184,0.6390627782190886,0.5922479705751962,1.5660702021069781,0.37848365601417583,0.9275019542213163,1.0627254492034606,-0.012590522438716278,0.05445687377976658,0.21864150449227587,0,Baseline,0.9998,0.9998,0.0,0.0,0.0001
2025-11-14 11:44:52.851,0.28640207382106814,0.1305109423656074,0.2027493798549679,0.22059908459712027,0.1597385189405532,0.22488290844015793,0.129688243595167,0.10023191073930938,0.03502149159467079,0.061870078901283515,0.6437057219208668,0.9190852765069083,1.412591544793004,0.5916204806006086,1.2982921545717299,0.7878618971668346,0.09806780615792092,0.056350777078399444,0.2546038050155284,0,Baseline,0.9942,0.9942,0.0001,0.005,0.0007
2025-11-14 11:44:53.899,0.3014695758050327,0.15555790898989538,0.20030364505137138,0.1975052820845513,0.14516358767007204,0.23840711022841693,0.17638075338087672,0.11297617526505914,0.04079220054901517,0.03720961378911211,0.7766104365394623,1.0141684961313449,1.5050627794471128,0.7876138778261275,1.5263873318188086,0.7247176175234661,0.12890371039333104,0.05460815362548492,0.25778414728145416,0,Baseline,0.9755,0.9755,0.0008,0.0213,0.0024
2025-11-14 11:44:54.877,0.2518538140755818,0.22638310561241073,0.20999334973203818,0.19691628557665636,0.11485344472264183,0.15885235894113875,0.18643241335469082,0.13466249055419763,0.08569443273248224,0.02422816504239943,1.078048876884901,1.0664092025349479,1.1993418001262497,1.1496412978390782,1.278989193545636,0.5469384597170143,0.015665340165842673,0.04143921395922886,0.3435079203490322,0,Baseline,0.7199,0.7199,0.0087,0.2505,0.0208
2025-11-14 11:44:55.850,0.20122809962335245,0.25776467034762385,0.219496921905125,0.19324723321329834,0.12826307470369008,0.18332756874261755,0.26835004735629814,0.1915457391099976,0.12628067613757885,0.0575019440073974,1.1743429309482998,1.135834686463565,0.9167695323884115,1.3338594955433016,1.041298681819979,0.584350193829271,-0.014583960138483502,0.029691784116144586,0.3890735874099901,0,Baseline,0.817,0.817,0.0144,0.1619,0.0067
2025-11-14 11:44:56.900,0.21754182535160538,0.2288907433317347,0.20241765763670488,0.1931116519576479,0.15803812151825325,0.23544950481378932,0.25550901345800725,0.19505443312561124,0.13041359949770695,0.08638085766569263,1.13078441227049,1.048189713581865,1.0747175772326605,1.18527664777663,1.1265079651135486,0.780752606051646,-0.004472445512099646,0.028061998325159543,0.3596786302466619,0,Baseline,0.961,0.961,0.0037,0.0329,0.0024
2025-11-14 11:44:57.874,0.25467520433881197,0.20645356715117671,0.18774043818368308,0.19924490571762357,0.1518858843967733,0.2570527737543839,0.22852729705306246,0.1927825664309835,0.12499151959301001,0.06076405040007163,1.099675478292163,0.9422596180559758,1.356528157904687,1.0361798513532434,1.2782017720328986,0.8090205699741908,-0.01260760192205121,0.0344636392867914,0.3310207691110678,0,Baseline,0.9626,0.9626,0.0017,0.0342,0.0015
2025-11-14 11:44:58.848,0.26030997962567176,0.20709768743500978,0.18923395794630515,0.20491982821552443,0.13843854656228144,0.2597104732988175,0.2338500466867728,0.1968107364319245,0.12561907266664693,0.03025440719439542,1.0944001739358624,0.9234535786978241,1.375598590732581,1.0106278105548512,1.270301508592305,0.7315734488089536,-0.012684346673348529,0.02990195174521903,0.33613764316880523,0,Baseline,0.9285,0.9285,0.0011,0.0691,0.0013
2025-11-14 11:44:59.849,0.26320134031110504,0.20994540469667308,0.1891037469190687,0.21277924830068642,0.124970259555099,0.2622777369693754,0.23557329005546135,0.20026423312402816,0.12404215649124062,0.013600686971682962,1.1102127642367468,0.8887320523123501,1.3918355964960978,0.9866817206402294,1.2369689715675447,0.6608555091191705,-0.005529272419567723,0.03173985533871077,0.3395117871878777,0,Baseline,0.8732,0.8732,0.0011,0.1242,0.0014
2025-11-14 11:45:00.870,0.2776352109679156,0.21106847395646694,0.18576531135981048,0.21262295866670786,0.11290804482312353,0.24528724561727586,0.22174622195861654,0.17750282302280235,0.10997434495189415,0.013547675929545096,1.1362103131598311,0.8736841204159957,1.494548115523465,0.9926889614984277,1.3057630260215027,0.6077993674849083,0.0033084790080501053,0.043674424494405825,0.3203435833863292,0,Baseline,0.8619,0.8619,0.0018,0.1336,0.0027
2025-11-14 11:45:01.876,0.26805172440033703,0.18814330405586485,0.19496643512969053,0.21665611265188006,0.13218242349189116,0.1886341591263309,0.17406031099014088,0.13478785920048356,0.06277871947074878,0.049908704933312315,0.965003510889851,0.8998888780215079,1.3748608085972467,0.8683959712422751,1.2372220139425216,0.6779752454529506,0.03560289185530839,0.05819167152904461,0.3022057792515166,0,Baseline,0.9412,0.9412,0.0014,0.0515,0.0059
2025-11-14 11:45:02.851,0.23998181525037388,0.17970443324979635,0.23056011195420098,0.20367941172714066,0.14607422754248833,0.14646296544951465,0.13945269011738531,0.16412558531106516,0.07101360338333994,0.08371291479058936,0.7794254779475406,1.1319754838221756,1.0408643663800823,0.8822905707702645,1.1782329958294253,0.6335624144556311,0.08760050383371935,0.08147507794993113,0.3485145000859622,0,Baseline,0.5142,0.5142,0.0366,0.368,0.0813
2025-11-14 11:45:03.875,0.2682714508267752,0.21267231414941853,0.22237762491214152,0.16710614412276728,0.12957246575271988,0.17556128501035698,0.16661503765547916,0.18963650957163303,0.062255375181667606,0.06182782533528422,0.9563565789043604,1.3307566443589394,1.2063778398073428,1.2726779289838441,1.6053953981233102,0.5826686024604599,0.10219750055758703,0.09591241422556948,0.34494347520755936,0,Baseline,0.3889,0.2959,0.1172,0.3889,0.1981
2025-11-14 11:45:04.849,0.2984217840446663,0.22256441835549792,0.1933859489837847,0.15350565400590327,0.13212219437656167,0.20668941959335893,0.19181973300949143,0.18317520759762632,0.06333044214175763,0.04870724068330781,1.1508819953891267,1.259796830534851,1.5431409064692685,1.449877565084106,1.9440441235653043,0.6832046911308595,0.05851237719163451,0.07938302320909808,0.3171353881520765,0,Baseline,0.559,0.559,0.0608,0.2937,0.0865
2025-11-14 11:45:05.850,0.30852528957233083,0.21284448035872217,0.1817634754433209,0.1580274026312029,0.13883935175309012,0.21738523567394616,0.20894073792050355,0.20074032315139426,0.06706720451513107,0.05003360951823922,1.1709969130466154,1.1502021859176554,1.697399721510831,1.346883283189916,1.9523529774695036,0.763846222548281,-0.0022807698135660012,0.04781336536785595,0.3276530289081953,0,Baseline,0.6951,0.6951,0.0132,0.2633,0.0284
2025-11-14 11:45:06.840,0.31787637437970073,0.20700766698004197,0.17426544116557774,0.15926480051875788,0.14158571671545095,0.21376580059392458,0.21212865438658174,0.2051487736977129,0.06616689352546468,0.05329436152691508,1.1878870171652918,1.0941867233443456,1.8240929125858203,1.2997702776010338,1.9958983616299968,0.8124715241515299,-0.01777305370963094,0.037490140151397705,0.326482106095068,0,Baseline,0.7633,0.7633,0.0115,0.2096,0.0156
2025-11-14 11:45:07.873,0.3354785115353541,0.19648708092401296,0.16177384104694054,0.16140293623702165,0.1448576300174368,0.22613886982297637,0.19313835692364853,0.18570554442790718,0.06665308967981122,0.05713850330825181,1.2145787446637466,1.002297943244321,2.073749925369652,1.2173698529360792,2.0785154134838466,0.8954329088413967,-0.01898806086652917,0.03929601854043342,0.3025380608668685,0,Baseline,0.9102,0.9102,0.0071,0.0749,0.0078
2025-11-14 11:45:08.839,0.39795273372137147,0.16338651342191488,0.12625565586671939,0.17669496521439565,0.13571013153186598,0.2949697427793517,0.12432450160163806,0.11031245791859325,0.07467899642906477,0.0532943716199461,1.2940925248803672,0.7145401600329896,3.151959407045277,0.9246811530642978,2.252201757511832,1.074883496120698,-0.04586835078449397,0.05132882800034423,0.21784501306748777,0,Baseline,0.9978,0.9978,0.0007,0.0007,0.0008
2025-11-14 11:45:09.838,0.43527040074926154,0.13649705129980844,0.09991217000679238,0.19135588458980343,0.13696449310456216,0.3628938059574071,0.08096159791089523,0.05925216794744027,0.08235759925388654,0.050435026745801366,1.3661702836483889,0.5221274746773141,4.356529911765215,0.7133151115747328,2.2746641888525096,1.370848810377782,-0.06370366824622194,0.05622128322067419,0.15350453348706497,0,Baseline,0.9994,0.9994,0.0001,0.0,0.0005
2025-11-14 11:45:10.872,0.37026482402284666,0.16851711926794818,0.1069663089886419,0.19446777461940196,0.15978397284917165,0.3725516742485278,0.1521423226592517,0.0749757771264036,0.07212698102153858,0.03700432288872479,1.5754222531098037,0.5500464213030888,3.4615085152379867,0.866555453376288,1.9039905491158946,1.4937783627586374,-0.03441678743895157,0.03307410442096781,0.17602832731232468,0,Baseline,0.9997,0.9997,0.0,0.0,0.0002
2025-11-14 11:45:11.866,0.294251630484643,0.23719699006634098,0.11869938271748984,0.18369841769957285,0.16615357879206555,0.3215900997636715,0.2804801632648331,0.10420829549117151,0.05544030369846846,0.03353604260947502,1.998299946073701,0.6461643913012428,2.478964919264379,1.2912303770735678,1.6018189930611322,1.3997845733509262,-0.012902911975519061,0.02269600757907112,0.20786365177801566,0,Baseline,0.9989,0.9989,0.0005,0.0,0.0006
2025-11-14 11:45:12.837,0.2828987582011169,0.2685982740787081,0.12359623464167924,0.16767967783004525,0.15722705502310352,0.26367554239499963,0.3218932018759167,0.11096130138146956,0.05099237423054643,0.039663040839405354,2.1731912232237125,0.7370972372452912,2.2888944483813023,1.601853376247639,1.687137910751921,1.2721022024489834,-0.02312220380679174,0.037225865057364145,0.21403977275603453,0,Baseline,0.9922,0.9922,0.0059,0.0002,0.0018
2025-11-14 11:45:13.828,0.29465913616987965,0.2634885011451544,0.12072843937277837,0.1594864893616142,0.1616374337327752,0.24584069258165506,0.3086689316051832,0.10635861072715623,0.051866456470283574,0.028748567315745866,2.1824889039332374,0.7569821888123763,2.4406768885107444,1.6521053644028492,1.8475490862820914,1.338851236577059,-0.02743768678627857,0.04375466067648815,0.20686972993767178,0,Baseline,0.9917,0.9917,0.0063,0.0002,0.0019
2025-11-14 11:45:14.849,0.2739976708897429,0.25271009525828064,0.11667671558237597,0.1529889087917759,0.20362660927059217,0.22874939227405217,0.29152746409509733,0.09931479198355014,0.0480752593834264,0.08779827025570054,2.1658997884703455,0.7626481480085345,2.3483489918158136,1.6518196040213167,1.7909641629840187,1.7452204649574945,-0.0004730448649589575,0.045639888300248045,0.19683408393845145,0,Baseline,0.9957,0.9957,0.0031,0.0,0.0012
2025-11-14 11:45:15.847,0.2578020875324265,0.24892800623939498,0.11893547364881125,0.15408667681821625,0.2202477555573336,0.23644074582504282,0.287160562811127,0.0945774539336483,0.04382894301491882,0.12412116670070274,2.092966695914075,0.7718737816014265,2.1675792591356164,1.615506254171509,1.6730977403425418,1.851825450238836,0.019125581708015434,0.04565254143145481,0.1935904073061271,0,Baseline,0.997,0.997,0.002,0.0,0.001
2025-11-14 11:45:16.831,0.2681563893277245,0.25160928636217966,0.12441692940238559,0.16672589379331257,0.18909150090110907,0.24702960851605127,0.30632647859418455,0.09881971651202326,0.04073249290958119,0.05485725316952792,2.022307312579297,0.746236347032332,2.1553044996586923,1.5091193428112746,1.608366685839974,1.5198211900194307,0.010121602878622099,0.03000187151710832,0.20258626878426622,0,Baseline,0.997,0.997,0.002,0.0,0.001
2025-11-14 11:45:17.871,0.2853605857687188,0.252302176280903,0.12368916043468554,0.17450814710675802,0.16413993019046927,0.24296441890655618,0.3175056801258517,0.10414922097497667,0.0385049624965903,0.027483073885719637,2.039808136753023,0.7087872709527087,2.307078176414841,1.4457901594052898,1.6352277767402308,1.327035581317476,-0.003075631067588569,0.019901599027601805,0.20750350116013525,0,Baseline,0.9953,0.9953,0.0035,0.0001,0.0011
2025-11-14 11:45:18.828,0.3018108304557236,0.2512406761907627,0.11958387312335536,0.1747169477744912,0.15264767224042106,0.22387113448084875,0.31091248984099684,0.10450043539113647,0.037639065723546965,0.035090141647683204,2.100957667778678,0.6844434257932958,2.5238420309900302,1.4379867838303444,1.7274272303051066,1.2764903451325387,-0.008748222650778435,0.024921296627336352,0.2044456790490065,0,Baseline,0.9916,0.9916,0.007,0.0003,0.0011
2025-11-14 11:45:19.826,0.3094298116448966,0.24590042394253378,0.11763243332739545,0.17545362373651976,0.15158370713130906,0.22016841702082088,0.2945088229173162,0.10139705645877485,0.03833685774927773,0.034749696113190474,2.0904132991452196,0.6704474043783276,2.630480188052282,1.4015122896331949,1.763598764272788,1.2886215982900247,-0.00829763159603408,0.030351521633932226,0.20099572150484474,0,Baseline,0.9927,0.9927,0.0061,0.0002,0.001
2025-11-14 11:45:20.802,0.31415201561891853,0.19911864261126822,0.12907101837214882,0.1963053012173802,0.161353021915055,0.23644303066583847,0.19262902949479874,0.09335435797558474,0.0533522135690039,0.04304317402154315,1.5427059435611843,0.657501407229991,2.43394679333559,1.0143314074206207,1.600323565728896,1.2501102993448532,-0.00491281702009138,0.036406368116284143,0.21044552335354927,0,Baseline,0.9991,0.9991,0.0004,0.0001,0.0004
2025-11-14 11:45:21.833,0.31581804334542724,0.129766476507273,0.15412935290193833,0.22678750226001385,0.1734986246538993,0.2909414260684251,0.10365592451600823,0.09064029140372033,0.07677062750398542,0.0690409097900053,0.8419322189103855,0.6796201050313021,2.049045278584328,0.5721941001693894,1.3925724577962615,1.125668862748004,0.0046811832991050795,0.030834798397735813,0.23628562675810763,0,Baseline,0.9997,0.9997,0.0,0.0001,0.0001
2025-11-14 11:45:22.844,0.3185386258963937,0.12423089449996264,0.15156124957995187,0.22792234407852197,0.1777468855998852,0.32435287779316097,0.1088103772922298,0.07612540395433819,0.08307030376596491,0.07797859816562942,0.8196744659173812,0.6649687793578036,2.1017153511340254,0.5450579650347224,1.3975751838130512,1.1727725547577668,-0.0005130728760227993,0.023259588358331567,0.22379099061099517,0,Baseline,0.9999,0.9999,0.0,0.0,0.0001
2025-11-14 11:45:23.817,0.30065731640172816,0.13181723473195325,0.1458413396396941,0.23896912535679385,0.18271498351193166,0.28198338188115807,0.11097357244702762,0.05770670427298708,0.08686439448111874,0.07860384315780086,0.9038399264516691,0.61029362399435,2.0615368490795793,0.5516077820474304,1.2581428808905826,1.2528338771091678,0.0017481880724713184,0.028673701855460906,0.20335416081605956,0,Baseline,0.9999,0.9999,0.0,0.0,0.0001
2025-11-14 11:45:24.827,0.30124123923240326,0.1343723401438213,0.16055521316372462,0.22458454181367463,0.1792466653139505,0.2306654126375138,0.0955457384418124,0.06825072543355111,0.061798984294734904,0.09377370598009904,0.8369228823331174,0.7148987402166842,1.87624689684007,0.5983151515038425,1.341326626429437,1.1164175277634256,0.0018754263542845734,0.04582986478507506,0.2278259150487172,0,Baseline,0.9996,0.9996,0.0,0.0,0.0003
2025-11-14 11:45:25.804,0.29579412032043806,0.13608039258410823,0.17443919789414009,0.21351286507648254,0.18017342380694373,0.16482912878055583,0.08474622025097725,0.08480966452332106,0.05052247312695836,0.11912345185371037,0.7801021010522461,0.8169961545956147,1.6956859864895926,0.6373404532881815,1.3853690097821105,1.0328722881858274,-0.02778550682625014,0.05912253952422422,0.2586513210327413,0,Baseline,0.9983,0.9983,0.0004,0.0002,0.0011
2025-11-14 11:45:26.793,0.258620197511917,0.13575683589043078,0.18023611145047064,0.24857564453311332,0.176811210253856,0.14458558904714333,0.07286593137875787,0.08252992539607744,0.06594320306260877,0.11053991030794541,0.753216584988138,0.7250754776810252,1.434896598032856,0.5461389054588461,1.0404083939662951,0.9809976425976531,-0.05001346450998362,0.06499803306706978,0.2562216805470682,0,Baseline,0.9988,0.9988,0.0001,0.0002,0.0009
2025-11-14 11:45:27.841,0.24257334190472354,0.12150180380618426,0.16493776241357996,0.29977552274801933,0.17121156868900944,0.07931062425632862,0.042479406749100584,0.052113153316640334,0.08033205467630658,0.07286793853794664,0.7366523873107708,0.5502042174743487,1.4706961198461752,0.4053092748843995,0.8091832568224375,1.0380373530187978,-0.024813552255413374,0.0806817032409265,0.21083632118451667,0,Baseline,0.9996,0.9996,0.0001,0.0,0.0003
2025-11-14 11:45:28.810,0.2085338271250194,0.09927124811459458,0.1283262911264974,0.3031592571182683,0.2607093760848604,0.04829737478042845,0.029703553127432284,0.0312507461814752,0.07752553996341305,0.1435185451187928,0.7735845827640441,0.42329661351382947,1.6250279583719753,0.3274557596679601,0.6878688852472595,2.0316129569406556,-0.0008346838084469649,0.08215908113707128,0.15902009193071037,0,Baseline,0.9998,0.9998,0.0,0.0,0.0001
2025-11-14 11:45:29.785,0.13985302736034053,0.07227330279963123,0.10820869854697865,0.26413264504096856,0.41553232587718497,0.04162179326115733,0.024677461601947042,0.037023540707926045,0.06806002405343664,0.25604096020585576,0.6679065277657749,0.4096755796067504,1.2924378198231943,0.2736250191723595,0.5294802618731428,3.840100593167899,-0.026967396474868906,0.05415964161853831,0.143926601920718,0,Baseline,0.9997,0.9997,0.0,0.0,0.0003
2025-11-14 11:45:30.781,0.1101099557131081,0.06447375194890594,0.10955474332041845,0.26741487933576424,0.4484466693066891,0.06744129376705145,0.043911555666469766,0.05787611720754147,0.07733648644651563,0.24733430150396848,0.5885071162575429,0.40968079074633085,1.0050678074283625,0.24110008275550113,0.4117570116855192,4.093356570253982,-0.0222715433557582,0.027164881781462216,0.1644713984480352,0,Baseline,0.9999,0.9999,0.0,0.0,0.0001
2025-11-14 11:45:31.795,0.18086481851610947,0.07832307842086332,0.14067053624148426,0.28586413319233805,0.31427743324114205,0.17674299779989597,0.07541215487953669,0.10411713658750922,0.0882915567715776,0.13974434779974731,0.5567837796435994,0.49208877570502735,1.2857333915916207,0.273987067934453,0.6326950155284713,2.23413814503594,0.006841735501277729,0.01910848946707844,0.227407363336317,0,Baseline,1.0,1.0,0.0,0.0,0.0
2025-11-14 11:45:32.801,0.28242220964823395,0.08146698773787005,0.16979715250416977,0.2652392595093948,0.20107439021318757,0.2886109827375495,0.06634088116368404,0.12791687958549192,0.06152865501850333,0.04709012237274438,0.4797900420501399,0.640165963427054,1.6632916915870042,0.3071452726006866,1.0647827909141128,1.1842034769470882,-0.005895957056365933,0.030955135958690247,0.2655683184333575,0,Baseline,0.9997,0.9997,0.0,0.0002,0.0001
2025-11-14 11:45:33.809,0.3122088201778735,0.09555302946045163,0.18188078203958014,0.24398798207681055,0.16636938583993238,0.3058306324463098,0.07221650794212513,0.11526978469837056,0.065273882963285,0.04728564840865275,0.5253607507914183,0.7454497268141038,1.7165574037632954,0.3916300496885532,1.2796073180502512,0.914716633759368,-0.031246941587767044,0.0445892370118805,0.26475579329255106,0,Baseline,0.9989,0.9989,0.0,0.0008,0.0003
2025-11-14 11:45:34.809,0.296364150421876,0.12641876608198893,0.1892515707544106,0.2319187377526943,0.15604677457804197,0.2350006662635216,0.09181915951698914,0.09993133411210064,0.10553567445212682,0.06202035374126128,0.6679931844058993,0.8160253217485389,1.565979788599304,0.5450993820335521,1.277879228366233,0.8245467433138216,-0.010237084690258552,0.060885964153076476,0.26567998094079437,0,Baseline,0.9976,0.9976,0.0,0.0021,0.0003
2025-11-14 11:45:35.806,0.3065570652798837,0.11754269148051387,0.1925302613650121,0.2293845463819915,0.1539854350959887,0.15800279754206675,0.059190014751119256,0.09232539209178076,0.12047528570662755,0.07344248452484863,0.6105153784241459,0.8393340179553922,1.5922538471817336,0.5124263522116606,1.336432888574145,0.7997985667617563,0.03161782359573298,0.06222295474211699,0.2841550352965868,0,Baseline,0.9909,0.9909,0.0003,0.0084,0.0004
2025-11-14 11:45:36.784,0.3268758741604619,0.10336683427940994,0.18299479813051683,0.23347185594026743,0.15329063710066604,0.15051315008894361,0.053690360377990874,0.11526027652375505,0.09777611947451123,0.08055806989860174,0.5648621145889884,0.7837980708876294,1.786257640311441,0.44273785992636827,1.4000653690928713,0.8376775202897287,0.03722613374020235,0.052133582356400525,0.28324580136201416,0,Baseline,0.9813,0.9813,0.0005,0.0178,0.0004
2025-11-14 11:45:37.811,0.28979575725612583,0.13554474294647104,0.1869973386595402,0.2357999682361103,0.1518621925317712,0.13751779221638114,0.09807595297556068,0.10785260396561193,0.08259598977470366,0.07508083980599853,0.7248484746874824,0.7930337401146695,1.5497319044012074,0.5748293276377995,1.228989754044628,0.8121088005812402,0.008430827891718215,0.04235044920694267,0.2923052869391896,0,Baseline,0.9895,0.9895,0.0005,0.0095,0.0005
2025-11-14 11:45:38.803,0.24851398227754484,0.19118604606819825,0.19751393077448465,0.21406763322676942,0.14871840730732105,0.13554396907862973,0.19776447482669152,0.11797386508369333,0.08467632832777224,0.0639493354677223,0.9679622882239417,0.9226706465173308,1.2582098321925057,0.893110435497569,1.160913338099795,0.7529514459798216,-0.030209458220379987,0.03426951645195228,0.3138696406108179,0,Baseline,0.9848,0.9848,0.0033,0.0108,0.001
2025-11-14 11:45:39.779,0.27318375904775943,0.21002094119176423,0.1836295125345492,0.1899810686397215,0.14318471829256338,0.1822550286947666,0.23828620310272744,0.11948565121759647,0.07322429396349008,0.045929942872794775,1.143721000266989,0.9665673752846864,1.4876897531352071,1.1054834654878771,1.4379524582330792,0.7797478113336799,-0.042943715263117826,0.03714359857542958,0.2968060558964174,0,Baseline,0.9871,0.9871,0.0053,0.0063,0.0013
2025-11-14 11:45:40.756,0.2963721031619352,0.20317714523141023,0.16978099689654474,0.18774067451386897,0.14292907993749762,0.21633593518933295,0.2347107006511632,0.11849029481902969,0.08175969966688539,0.040301516413983274,1.1967012620864905,0.904337796232987,1.7456140034705303,1.0822222458467756,1.578624813952041,0.8418437524321598,-0.03295240778639718,0.03790119079022668,0.2793438729088696,0,Baseline,0.9926,0.9926,0.0029,0.0037,0.0008
2025-11-14 11:45:41.777,0.28735047423966975,0.16725716069233404,0.19242425366953678,0.20070947599089753,0.15225863512402094,0.2063176237503359,0.17419814013702295,0.14950349248078038,0.07710736298112997,0.044731515710137545,0.8692103454249205,0.9587202753250212,1.4933172603074434,0.8333296249880258,1.431673609351486,0.7912652605261102,-0.029733679165825214,0.032709057325030454,0.32761195043462654,0,Baseline,0.9645,0.9645,0.0012,0.033,0.0014
2025-11-14 11:45:42.777,0.28534287163546157,0.12115304614836607,0.20666976715057148,0.22273563896809764,0.16409867576422207,0.21780217231943547,0.09411833856078729,0.15314483971897871,0.07618873755713872,0.05315534648569673,0.5862155938751448,0.9278701820208974,1.3806705342676786,0.543931996111313,1.2810830819287986,0.7940138999843516,-0.02469075579641221,0.031362747246517025,0.35115145354279775,0,Baseline,0.9524,0.9524,0.0001,0.0468,0.0007
2025-11-14 11:45:43.762,0.30379959305136817,0.13376227832836204,0.16273835861356378,0.22918997844777286,0.17050979120518905,0.20682002211212677,0.1002060540737378,0.09723021941107786,0.08133964415364534,0.06179316082516643,0.8219467816221757,0.7100587583067491,1.866797582153268,0.5836305470159897,1.3255360546457602,1.0477540893265263,-0.027264650717636965,0.03911146210865687,0.25457575401941,0,Baseline,0.9993,0.9993,0.0001,0.0004,0.0002
2025-11-14 11:45:44.799,0.27798961547502815,0.15292589107704008,0.15659858889425582,0.24248440975108526,0.17000149444860285,0.1915039667417583,0.12762316151493192,0.09310328027554869,0.07863949169195032,0.065986074047661,0.9765469943974674,0.6458088691018052,1.7751730694777312,0.630662750349162,1.1464225856671106,1.085587582832701,-0.017192442794762147,0.04002845723600698,0.24002949080510666,0,Baseline,0.9996,0.9996,0.0001,0.0002,0.0002
2025-11-14 11:45:45.776,0.26348409459672434,0.1624331351954628,0.18037200129813377,0.2376135109098121,0.15609725763981533,0.211003190381151,0.12148832996450804,0.11055454629128585,0.07251575350738482,0.0723979001191598,0.9005451235279507,0.7590982222202551,1.460781485444635,0.6836022401987615,1.1088766901304898,0.8654184012053006,0.015822999736368165,0.04701856740716934,0.2907831308775165,0,Baseline,0.9967,0.9967,0.0001,0.0027,0.0006
2025-11-14 11:45:46.776,0.2802258225211212,0.17986134062779197,0.18928030684317865,0.20455840218709193,0.14607412744220108,0.2020989600781029,0.13236941053624007,0.1083169993211712,0.058712426056713146,0.09912215130496145,0.9502379519831932,0.9253117719258609,1.48048052325109,0.8792664095539044,1.3699061286456546,0.7717343772370453,0.017722367668602024,0.05467511235834241,0.29636695724265144,0,Baseline,0.9919,0.9919,0.0011,0.0055,0.0014
2025-11-14 11:45:47.774,0.27798123754300835,0.17881379681335247,0.18249669974667884,0.20940916911000756,0.1512990963681672,0.13747193409538508,0.13587524069595217,0.0671743479599805,0.07533497674150703,0.12693896440610597,0.9798192913261912,0.8714837645717958,1.5232123249173657,0.8538966513947194,1.3274548838997084,0.829051091267253,-0.012354360857515331,0.069013826746141,0.24844638109500078,0,Baseline,0.9934,0.9934,0.0051,0.0007,0.0009
2025-11-14 11:45:48.781,0.3154055608593126,0.1346799241383111,0.15832511413716588,0.2449579403367674,0.14663146006937722,0.23736093717890824,0.10668434494735961,0.058900347681319694,0.14524988075377232,0.11282390771310347,0.8506541515270208,0.6463358871165481,1.9921384087219107,0.5498083403831293,1.2875906269859543,0.9261414501866565,-0.016830308658849533,0.05961504544265668,0.20008160624060556,0,Baseline,0.9997,0.9997,0.0002,0.0001,0.0001
2025-11-14 11:45:49.779,0.36864299762109776,0.1010765532979243,0.1337298644734703,0.26542375755997316,0.13112682658205407,0.4133286545052557,0.08893339410956624,0.06167699516090151,0.19706406890938163,0.07085572275684701,0.755826278128872,0.5038353034577195,2.7566241206203346,0.38081199067858834,1.3888846541890865,0.9805350307725548,0.02431582880740646,0.0344553432100418,0.18042123759049314,0,Baseline,1.0,1.0,0.0,0.0,0.0
2025-11-14 11:45:50.778,0.3730654395441714,0.10150509176525123,0.13068256493897099,0.27092201588371917,0.12382488738768965,0.3686156214860353,0.07332535138715768,0.05474451474828609,0.20816193843862088,0.05430665553665887,0.7767301173293708,0.4823622756868815,2.8547450929735176,0.37466533565941085,1.3770214449241296,0.9475240860957639,0.030856698290674042,0.04752838111940648,0.1738092797776643,0,Baseline,0.9999,0.9999,0.0,0.0,0.0
2025-11-14 11:45:51.780,0.38680626173955546,0.1159708097274522,0.1295561346858583,0.2574759756518833,0.11019081772510379,0.28292021423139635,0.06578832295325666,0.0479714602519507,0.1985539488572092,0.05351014511774194,0.8951394008262041,0.5031775462781326,2.9856265225973284,0.4504140820505446,1.5023003437009124,0.8505256002506817,0.034099652988497806,0.07947273920356737,0.16624263554397561,0,Baseline,0.9997,0.9997,0.0001,0.0001,0.0
2025-11-14 11:45:52.781,0.3989203341155677,0.14077557447318112,0.13107779192492153,0.22978910250724335,0.09943719658365084,0.2001993367105449,0.04162443026823766,0.04878858536745244,0.1587471766614601,0.041978508314519165,1.0739848578923705,0.5704264684028044,3.043385899498532,0.6126294363434805,1.736028003080403,0.7586120237247057,0.040525618875785596,0.10245360669227141,0.17763122977742662,0,Baseline,0.9959,0.9959,0.0029,0.001,0.0002
2025-11-14 11:45:53.778,0.41860869876144163,0.1599076298506418,0.13769144172695785,0.19322930027161395,0.09056292906948583,0.12696797275227523,0.04010453349773846,0.0524099065922425,0.12586634076161735,0.028945357301189426,1.1613475480506854,0.712580516555232,3.040193806595508,0.8275536957921481,2.1663830304679026,0.6577236853386667,0.052107465203599476,0.1404639779081422,0.17866244394119474,0,Baseline,0.8955,0.8955,0.0898,0.012,0.0028
2025-11-14 11:45:54.778,0.4163599632161338,0.1513374565279177,0.14400579772794234,0.19703872474439563,0.0912580574487736,0.13475900411931155,0.03786669867022026,0.03853595296058715,0.13373209142906345,0.03155975049203424,1.050912174416093,0.7308501950885486,2.8912720242695107,0.7680594210282412,2.1130868697276606,0.6337109515831439,0.07743814721419513,0.14967120454141938,0.16712041980568942,0,Baseline,0.9402,0.9402,0.0502,0.0076,0.002
2025-11-14 11:45:55.756,0.35965400210324827,0.12421320168938094,0.1522241658452103,0.2536302902265239,0.11027833969642697,0.25757844574088723,0.04932983277956257,0.039803903387389955,0.17950332947729092,0.046428649412522095,0.8159886627711985,0.6001813099982727,2.362660202338449,0.48974117673812184,1.418024588473979,0.724446948614548,0.06284001077547313,0.08569717635530309,0.18474236622816292,0,Baseline,0.9993,0.9993,0.0001,0.0005,0.0001
2025-11-14 11:45:56.793,0.32425435285768184,0.12401277908980368,0.15269706635595887,0.28481979659338064,0.1142160046029337,0.34198573883639416,0.08745912099521078,0.04996235463729966,0.20826368873496723,0.05855674922743847,0.8121490080184118,0.5361181449503436,2.1235138261704387,0.4354078481165776,1.138454367819298,0.7479907757806689,0.009312505879825211,0.038378667987771786,0.20070554308096777,0,Baseline,0.9999,0.9999,0.0,0.0001,0.0
2025-11-14 11:45:57.771,0.3355667995941323,0.15483386138717703,0.14566907520138347,0.2673330134608776,0.09659724986588047,0.3255731323094643,0.106620798208305,0.0478456115590956,0.2104951086689122,0.06613789068155035,1.062915039063529,0.5448974216337368,2.3036239922164716,0.5791797039613997,1.255238859942944,0.6631280050419583,0.012169676584082342,0.05063641108345823,0.189705775354619,0,Baseline,0.9997,0.9997,0.0001,0.0002,0.0
2025-11-14 11:45:58.761,0.3549296874176654,0.1874391529846442,0.12788419562198425,0.24038734086310357,0.0893596226543552,0.2837816871261176,0.10734120693904131,0.04679426881814135,0.19970694537763128,0.06321754181896519,1.465694313641043,0.5319921999340643,2.7753989297694033,0.7797380033169364,1.4764906977979542,0.6987541754647582,0.041718195133990305,0.09608562088781508,0.16321359017383513,0,Baseline,0.9981,0.9981,0.0014,0.0004,0.0001
2025-11-14 11:45:59.785,0.35653161466589955,0.19804377333908346,0.10798802691471687,0.23693453444003768,0.1005020502203865,0.24165980306276377,0.09096322931370225,0.046098572657094466,0.175130163767404,0.05976405320449005,1.8339417864914773,0.45577155990457946,3.3015843685302753,0.8358585862062993,1.504768397147462,0.9306776295948189,0.03639816852674993,0.130340440295733,0.13635677704388507,0,Baseline,0.9973,0.9973,0.0023,0.0001,0.0002
2025-11-14 11:46:00.783,0.35037431551073395,0.1930746155466897,0.09899311775183398,0.24528963592934627,0.11226831486546776,0.21782531745595857,0.07767341049906717,0.04468190771710792,0.16559995579023104,0.06973686276463238,1.9503840310077762,0.40357642238330826,3.5393801920178527,0.787129089021162,1.4284105396428208,1.1341021080464633,0.028173648547285927,0.13491292762168272,0.12821604103742468,0,Baseline,0.9981,0.9981,0.0016,0.0,0.0002
2025-11-14 11:46:01.759,0.3485683988745024,0.19101047067179952,0.09686086680716902,0.2480682219078408,0.11549204134832194,0.21257997840732787,0.0750621566042193,0.04454678421251529,0.16521643759151883,0.0743099930216747,1.9720084823521045,0.390460584421602,3.5986500469991993,0.7699916639981589,1.4051311455470774,1.1923497407342691,0.02782934690332383,0.13431400796848098,0.12641486081431988,0,Baseline,0.9984,0.9984,0.0014,0.0,0.0002
2025-11-14 11:46:02.750,0.33783786541073924,0.18459609970663154,0.1003263226086867,0.2479253289553742,0.1293143829261281,0.22188026425311724,0.08398630710363587,0.04211620561053994,0.16569694763914036,0.09254946034699106,1.8399566186340237,0.4046634484051069,3.3673897632483354,0.7445632644263855,1.3626596895428629,1.28893760554875,0.016173659673316215,0.12016932346101927,0.12708643950394444,0,Baseline,0.9991,0.9991,0.0007,0.0,0.0001
2025-11-14 11:46:03.765,0.35456502283683494,0.13995899552495975,0.11786407880366814,0.24906152501206955,0.13855037743905493,0.21163924261165915,0.06819077496322333,0.033872412086424955,0.1507956564462312,0.08625852398608724,1.1874608877526398,0.4732327647380654,3.008253204480721,0.5619454466069091,1.4236041017720888,1.1755096810687176,0.04575559638510014,0.07812226752969897,0.13949903924522106,0,Baseline,0.9997,0.9997,0.0002,0.0,0.0
2025-11-14 11:46:04.781,0.3983600789235873,0.0982545224750745,0.1347022102045059,0.24495038297931296,0.12373280505154245,0.202022384032311,0.04555794100912569,0.02819898076498138,0.1325801556430946,0.04731345376215783,0.7294202153899451,0.5499162853593872,2.957338626778342,0.4011200850915658,1.6262887929199217,0.9185654465359993,0.061425679128393765,0.0626961468133806,0.15144604952605098,0,Baseline,0.9996,0.9996,0.0002,0.0001,0.0
2025-11-14 11:46:05.731,0.428209410029191,0.10325696687940983,0.12423210267611533,0.23088959314883684,0.11341192691414875,0.18507155113421592,0.06640513805773396,0.023380925342146027,0.1283140819674202,0.03965477925191667,0.8311616429530612,0.538058452965647,3.4468496172609795,0.4472135837699369,1.8546067219542892,0.9129034713417794,0.0055547620674895465,0.09865160370664923,0.1468547392663382,0,Baseline,0.9984,0.9984,0.0014,0.0002,0.0001
2025-11-14 11:46:06.748,0.4411700206517042,0.11403775617047372,0.11028927081509259,0.22090593004525738,0.11359702197349544,0.1786599510117035,0.08536117388691641,0.032854022894663,0.12774355938494084,0.043136061014821765,1.0339876670486745,0.4992589642111816,4.000116941476438,0.5162276584645511,1.9970944220029616,1.0299915017484655,-0.025745360081080373,0.12532105114702896,0.14105075469290673,0,Baseline,0.9959,0.9959,0.0038,0.0002,0.0001
2025-11-14 11:46:07.764,0.42123513046008304,0.12667329413279566,0.11455712988927066,0.22174282378568339,0.1157916213897575,0.16630957198882662,0.0798323490955078,0.03687431969886345,0.125633730481721,0.043160606082287736,1.1057651601221565,0.5166215653218866,3.677074435231563,0.5712621777677227,1.8996561163604995,1.0107761201238097,-0.024773261821089285,0.12794678125755538,0.15037613402089303,0,Baseline,0.995,0.995,0.0045,0.0003,0.0002
2025-11-14 11:46:08.737,0.3911121293056498,0.14084931584599908,0.1213196673875446,0.22599884419836408,0.12072004291836148,0.16387897562238338,0.07522643358921301,0.045115920120347416,0.12392873070182485,0.04474892979136838,1.1609766764880922,0.5368154091660116,3.223814452261342,0.6232302209920613,1.730593416913354,0.9950574013870179,-0.022573227964953466,0.12422698061199407,0.16467739254713698,0,Baseline,0.9961,0.9961,0.0032,0.0004,0.0004
2025-11-14 11:46:09.740,0.3612960414254844,0.13057719641792473,0.1255946566679056,0.24546918767165812,0.13706291744832755,0.19570052232192406,0.06406849996935492,0.05626333507086742,0.1304585742605368,0.05385886804733456,1.0396715074151504,0.5116513919432863,2.8766829914905125,0.5319494162871954,1.471858973966898,1.0913116064931805,-0.011317373593498783,0.08372476167021785,0.18020798113986602,0,Baseline,0.9995,0.9995,0.0003,0.0001,0.0001
2025-11-14 11:46:10.761,0.32306440679106674,0.12883757348146802,0.13344918435884504,0.26760526447008093,0.14704357050500133,0.26602492959450397,0.09381112249620273,0.07334121175439509,0.13375133023487357,0.05038590412315977,0.9654428721017501,0.4986792006364772,2.420879409150618,0.48144631579700964,1.2072422990571,1.1018693009835714,0.0004609484905583952,0.03684759080205907,0.20669969498169638,0,Baseline,0.9999,0.9999,0.0,0.0001,0.0
2025-11-14 11:46:11.762,0.2844359253281378,0.1945208764309551,0.1475887226330849,0.23403513059258046,0.1394193446668514,0.27483846097330566,0.20912428159497037,0.11578561246381437,0.10774161088288571,0.061513701583680094,1.3179927285814326,0.6306263335471248,1.9272197833371456,0.8311609783830981,1.2153556282528417,0.94464761760274,0.0009978726067397178,0.031612107670028436,0.2535507672487169,0,Baseline,0.999,0.999,0.0002,0.0006,0.0002
2025-11-14 11:46:12.738,0.2671349395124591,0.23723206531010868,0.15129108943005154,0.20655301265841483,0.13778889277329337,0.2636094438917364,0.2871752578543168,0.14284086048130745,0.09429779884945919,0.07639076027682912,1.5680503757578377,0.7324564292639174,1.7657016210392946,1.14852865504868,1.2932995899761344,0.9107534633060101,-0.0018622447366266372,0.03316001291968398,0.273801758867291,0,Baseline,0.9946,0.9946,0.0035,0.0014,0.0005
2025-11-14 11:46:13.702,0.27930459068020597,0.23340631520878496,0.1501121927818601,0.2058023170128062,0.13137458400635685,0.23896680175384605,0.27568954134889323,0.12749752413308982,0.08922195059419276,0.07588506463710064,1.5548790230462883,0.7293998807531427,1.8606388121962711,1.134128649547588,1.357149818149656,0.8751759122292518,-0.006069326853631346,0.0381582303993248,0.25948539263463055,0,Baseline,0.9927,0.9927,0.0054,0.0013,0.0006
2025-11-14 11:46:14.769,0.2671470729809737,0.24036682126870135,0.17241850476395676,0.19833012837955943,0.12173747231786787,0.2013746974582463,0.287671641493926,0.154043127424931,0.0800680163714119,0.061667030464644966,1.3940893853410508,0.869351003194413,1.5494105917029941,1.2119530759802786,1.3469817303798481,0.7060580035997184,-0.008582635796744821,0.04235012922254952,0.29229313490276776,0,Baseline,0.9682,0.9682,0.0162,0.0136,0.002
2025-11-14 11:46:15.726,0.2193422056594374,0.27302947943690087,0.2286448736801201,0.1736786974848966,0.1053047434781625,0.15746110992052154,0.35407974539995474,0.2623517665293519,0.07909291374870178,0.0320610548974211,1.194120222776889,1.316481893441103,0.9593138588060541,1.5720377206321852,1.2629193804802572,0.46056024426720377,0.007296289031981026,0.03996081987272088,0.40927564571346403,2,Focused,0.4821,0.4821,0.0484,0.4609,0.0085
2025-11-14 11:46:16.704,0.20109370824522696,0.2944340507436728,0.2620901488580491,0.14871100633168563,0.09367108557620768,0.12815539351995367,0.39391801354041295,0.32794861225655286,0.08272717731667269,0.016647376529381842,1.123407502313513,1.762412464948005,0.7672692066020743,1.9799074608364315,1.3522448652809067,0.3574002396135025,0.010239269534688324,0.04091963895187419,0.47935066676141536,2,Focused,0.765,0.1893,0.0383,0.765,0.0074
2025-11-14 11:46:17.768,0.20868860201701234,0.2959976767665553,0.2644125133119491,0.13934700460989738,0.09155420304880753,0.12578324755791329,0.3943913885593748,0.3276738652964474,0.08661275861981835,0.015160930234141105,1.1194540752419,1.8975111454821847,0.7892538500183114,2.124176664962663,1.4976180336639222,0.34625516939223616,-0.008004825500846295,0.04266024699048171,0.48056371648203333,2,Focused,0.7831,0.17,0.039,0.7831,0.0079
2025-11-14 11:46:18.743,0.20911640703378426,0.29619691632197637,0.2666349584325138,0.13713072719492325,0.09092099076879594,0.13082071532519618,0.399643567126477,0.3307613312850501,0.08905269527636168,0.015346209813120954,1.110870483580044,1.944385072863044,0.7842797524388191,2.1599600671653207,1.524941900782883,0.3409942488162739,-0.008655794592743328,0.038078819385246085,0.48492018751530497,2,Focused,0.7626,0.1861,0.0429,0.7626,0.0084
2025-11-14 11:46:19.732,0.20844762578836376,0.2959498754273134,0.2659039712768805,0.13688538717218468,0.09281314008646017,0.13308541230233115,0.401727553667823,0.33284925765896095,0.08966803363166403,0.015127563837577747,1.112995277491339,1.9425298590645619,0.7839206648482312,2.1620266408333206,1.5227893558738246,0.3490475758985185,-0.002357092846454474,0.03581641871281734,0.4864671301451645,2,Focused,0.7503,0.1968,0.0444,0.7503,0.0085
2025-11-14 11:46:20.710,0.20841912950324967,0.2959193567939832,0.26584262127277386,0.13691258708393322,0.09290630509729768,0.1330651856439242,0.40166294536512587,0.3328177891147077,0.0896322933099603,0.015125517823968928,1.1131373300708434,1.9416958478247337,0.7839943823359035,2.1613742131600358,1.52227869416194,0.34947857931021253,-0.002261881173139489,0.03583407783472431,0.4863982857758292,2,Focused,0.7502,0.1969,0.0444,0.7502,0.0085
2025-11-14 11:46:21.735,0.20841912950324967,0.2959193567939832,0.26584262127277386,0.13691258708393322,0.09290630509729768,0.1330651856439242,0.40166294536512587,0.3328177891147077,0.0896322933099603,0.015125517823968928,1.1131373300708434,1.9416958478247337,0.7839943823359035,2.1613742131600358,1.52227869416194,0.34947857931021253,-0.002261881173139489,0.03583407783472431,0.4863982857758292,2,Focused,0.7502,0.1969,0.0444,0.7502,0.0085
2025-11-14 11:46:22.733,0.20422855410120974,0.2901296860804191,0.2588515375714884,0.14079695829163105,0.10599326371157174,0.13025285776263437,0.3932821857667395,0.3270560517710027,0.08522368091056695,0.029971048677288094,1.1208342727805887,1.8384738017606483,0.7889794595290449,2.060624526228981,1.450518122508104,0.4094751014857233,0.004023468919815983,0.035614191937306916,0.4764609231322376,2,Focused,0.7066,0.2351,0.049,0.7066,0.0093
2025-11-14 11:46:23.724,0.25669749003514797,0.25545161914839226,0.20333426496833468,0.15975397915769704,0.1247626464559027,0.21788216920483186,0.3379704062631726,0.24148122992887683,0.10007650549565293,0.06005930629649645,1.2563136204566292,1.2727961664082046,1.262440825950881,1.599031238564126,1.6068299226115452,0.6135839443464809,0.012282062231695926,0.034123514965918686,0.37093330856126505,0,Baseline,0.7842,0.7842,0.0451,0.1637,0.0069
2025-11-14 11:46:24.730,0.33444895147678155,0.20188602331572253,0.1382595246491437,0.19872242375288177,0.12668307656933744,0.38961065474008105,0.2637313104391167,0.11744268867941844,0.1314798587649919,0.04936189825190878,1.4601960279125885,0.6957419051191484,2.4189937592767166,1.0159196397864914,1.6829954482777743,0.9162700922639193,0.01563326880026456,0.02414288503887078,0.2364813789594707,0,Baseline,0.999,0.999,0.0005,0.0004,0.0001
2025-11-14 11:46:25.715,0.3472390592819618,0.1718606028001584,0.12653883522350007,0.22231499148335637,0.13204651096318612,0.4467095125955356,0.22492134113408002,0.07905410636984396,0.16106180421862737,0.047441399968632295,1.3581647793340337,0.5691871190841497,2.744130141765152,0.7730499590826073,1.5619236532176075,1.043525493930011,0.01201284757690655,0.017961418153816133,0.20518535901048263,0,Baseline,0.9999,0.9999,0.0,0.0,0.0
2025-11-14 11:46:26.706,0.3285063756699513,0.16668849848336253,0.12730229980208424,0.2051846276376555,0.17231819815957874,0.407262688969889,0.20884386040448052,0.07886113268280565,0.17592228816555788,0.06446799284977828,1.309390998030685,0.6204280265216197,2.5805217217242737,0.812382936668607,1.6010281249713978,1.3536140736761204,-0.0006355442537629707,0.023818428441681444,0.2061142279722968,0,Baseline,0.9999,0.9999,0.0,0.0,0.0
2025-11-14 11:46:27.673,0.3147671025354367,0.16392040630313123,0.11895491213916133,0.19691639215286963,0.2054411866280848,0.40049095345630864,0.20318300534139908,0.07581459216381184,0.17424955383401403,0.0904633070420478,1.3780044016284279,0.6040883889743962,2.6461040608912456,0.8324365289585017,1.5984808735794267,1.7270507426985335,0.00211597056847751,0.024071313010986684,0.19440131238310668,0,Baseline,1.0,1.0,0.0,0.0,0.0
2025-11-14 11:46:28.703,0.3068318564380265,0.16316925331712995,0.11667340155734057,0.20514741443559947,0.20817807401003866,0.40722790007664567,0.2044839835195682,0.07868925146044449,0.17277661249835335,0.08786545203506357,1.3985127471560943,0.5687295459756896,2.629835301312247,0.7953755879024089,1.495665165098615,1.7842803362934752,0.014445302270340764,0.021878386277948136,0.19484328428115208,0,Baseline,1.0,1.0,0.0,0.0,0.0
2025-11-14 11:46:29.721,0.3160223559238252,0.16539812951852723,0.11928930373102396,0.20411927575755717,0.19517093483017567,0.3937176874803145,0.19893643873689443,0.07352969756302992,0.17042892460333908,0.07246292772908654,1.3865293071554623,0.5844097645565443,2.64920927147254,0.8103013338728756,1.5482238963895896,1.6361141557931265,-0.0019344321110594254,0.0300798066876021,0.1924474743837471,0,Baseline,1.0,1.0,0.0,0.0,0.0
2025-11-14 11:46:30.671,0.32294134582003375,0.16741419347527922,0.12113339328696288,0.20120598669921863,0.18730508048292538,0.3817671191180591,0.19332918858327458,0.06925707613155854,0.168078568200933,0.06507438408687992,1.3820646405738142,0.602036695099323,2.66599746277244,0.832053697313731,1.605028434131595,1.5462710978176926,-0.015896783182179818,0.03827948816942386,0.18978039331014587,0,Baseline,0.9999,0.9999,0.0,0.0,0.0
2025-11-14 11:46:31.735,0.2997289274278636,0.15996574615391604,0.11382965898335652,0.210292931185575,0.21618273602119684,0.37716650686812314,0.18856189454257258,0.07027208998055344,0.1628119148463492,0.11306209108449498,1.4053080148841095,0.5412909170494052,2.6331353688789885,0.7606805309397083,1.4252923837484635,1.8991774108805128,-0.0015775813967262228,0.03280847308327324,0.18374817691381637,0,Baseline,1.0,1.0,0.0,0.0,0.0
2025-11-14 11:46:32.709,0.2801745760550972,0.1528003505484237,0.10797232329013191,0.21860259565595344,0.24045015422937455,0.37227834435375584,0.18420880989143357,0.07046093084640018,0.16198600644794311,0.1600301192348928,1.415180592030318,0.49392056863248734,2.5948737747682227,0.698986867470865,1.2816616490658328,2.2269608047022764,0.00778166193069825,0.02738110683941937,0.17805031224794043,0,Baseline,1.0,1.0,0.0,0.0,0.0
2025-11-14 11:46:33.668,0.28017457605509716,0.15280035054842372,0.10797232329013191,0.21860259565595344,0.24045015422937455,0.3722783443537558,0.18420880989143362,0.07046093084640018,0.16198600644794314,0.1600301192348928,1.4151805920303184,0.49392056863248734,2.5948737747682222,0.6989868674708651,1.2816616490658326,2.2269608047022764,0.00778166193069825,0.027381106839419363,0.17805031224794043,0,Baseline,1.0,1.0,0.0,0.0,0.0
2025-11-14 11:46:34.669,0.2801745760550972,0.1528003505484237,0.10797232329013191,0.21860259565595344,0.24045015422937455,0.37227834435375584,0.18420880989143357,0.07046093084640018,0.16198600644794311,0.1600301192348928,1.415180592030318,0.49392056863248734,2.5948737747682227,0.698986867470865,1.2816616490658328,2.2269608047022764,0.00778166193069825,0.027381106839419363,0.17805031224794043,0,Baseline,1.0,1.0,0.0,0.0,0.0
2025-11-14 11:46:35.701,0.282566426919236,0.1539357116213024,0.10872684385700607,0.21744342560872706,0.2373275917707484,0.3756490985999004,0.185993645262564,0.07128520473346014,0.16156635984460815,0.15400250200027416,1.4158021331487576,0.5000235741889756,2.5988651091740222,0.7079345080727018,1.2994939402433505,2.182787263235573,0.007618282807491286,0.027183481820904364,0.17962996369020504,0,Baseline,1.0,1.0,0.0,0.0,0.0
2025-11-14 11:46:36.682,0.24064447036624784,0.14733580738925806,0.12793472872097916,0.23167535517841423,0.2524096380592072,0.27664727655504406,0.16414924408927703,0.08695374633822302,0.13764977957745017,0.13108330706920204,1.1516481673565762,0.5522155047536282,1.8809939565443938,0.6359580237449679,1.038714108342622,1.9729562164480055,-0.00047092219182909983,0.02569921360055062,0.21486227275299388,0,Baseline,1.0,1.0,0.0,0.0,0.0
2025-11-14 11:46:37.681,0.15416367419160784,0.1329719467176449,0.16188272456409278,0.2673312575306716,0.2836503965916577,0.11565719653413528,0.12435253195339335,0.12020136554404624,0.11131388313703644,0.15579697421500152,0.8214090716697061,0.6055510305973452,0.9523169633051337,0.4974051406178616,0.5766765542078621,1.752196720394259,-0.005308160556563857,0.02324909251290576,0.2804676056612048,0,Baseline,0.9999,0.9999,0.0,0.0,0.0001
2025-11-14 11:46:38.719,0.14672605839383246,0.134764077932924,0.16419283560325182,0.2774334474677375,0.2768835801919186,0.10447917023107207,0.1158570062672489,0.12081924269486094,0.10512369893546976,0.15474961927674896,0.8207670525338348,0.591827810178034,0.8936202905477056,0.48575279695166396,0.5288693718957639,1.6863315765960205,-0.008866638330044814,0.03197794397307103,0.2831494568256152,0,Baseline,0.9999,0.9999,0.0,0.0,0.0001
2025-11-14 11:46:39.703,0.18867001542566508,0.16752823864825891,0.17704552806968207,0.23791019593469775,0.2288460215676068,0.0553642167648707,0.06317982556890783,0.06967722059606563,0.09639580903351916,0.1368368072356889,0.9462437770237547,0.7441695381419577,1.0656581209711584,0.7041658342906169,0.7930303564927843,1.292582823959884,-0.003476737798808277,0.1300681599429291,0.24433710351925111,0,Baseline,0.9975,0.9975,0.0003,0.0001,0.0021
2025-11-14 11:46:40.704,0.22271436617545542,0.18983614231521517,0.18300019085702857,0.20205738339473478,0.20239191693515296,0.09861590357375903,0.07369371741122846,0.04368129075240833,0.09787632285151157,0.1284862426975426,1.0373548303563191,0.9056842107208792,1.2170170586285536,0.939515942108367,1.1022331944091037,1.1059655453234964,0.025268672821910088,0.19302190096450766,0.22247908907424407,0,Baseline,0.9904,0.9904,0.0019,0.0003,0.0074
2025-11-14 11:46:43.665,0.22709781430897627,0.1839986819572961,0.1683197012900649,0.19732048008591746,0.22326332201658575,0.11116403408088806,0.09677271086089649,0.07583560195064279,0.10030169325714262,0.13646827628090755,1.0931499379785157,0.8530269776685381,1.3492051083525163,0.9324864431320804,1.15090842420923,1.326424102711516,0.08705575738954233,0.1704943513552606,0.23541494777886918,0,Baseline,0.9979,0.9979,0.0004,0.0001,0.0015
2025-11-14 11:46:44.645,0.19829489699190186,0.15877076328673467,0.16953657282970996,0.2311077292074895,0.24229003732284363,0.06143420043261695,0.08004983507848264,0.0850102130090819,0.09900015177709118,0.13406785500628732,0.9364985458401686,0.7335824123029446,1.1696289596156249,0.6869989028977935,0.8580192843038972,1.4291313018041094,0.06459681411855875,0.10836709552550448,0.24932676784886185,0,Baseline,0.9994,0.9994,0.0001,0.0,0.0005
2025-11-14 11:46:45.644,0.16772183760619447,0.13444382199803534,0.17306436859571106,0.2781760194335575,0.24659395198923614,0.06382000150221298,0.09724823031372243,0.09298395715559923,0.1108126156883005,0.1360035777478567,0.7768428320660042,0.6221397614600994,0.9691297479419663,0.48330484215983577,0.6029341850472235,1.4248683292897302,0.07275129549128831,0.05048238679424646,0.26032950866180926,0,Baseline,0.9999,0.9999,0.0,0.0,0.0001
2025-11-14 11:46:46.611,0.16588993465626953,0.14080487534052222,0.17525071936635256,0.28895868658136664,0.22909578368138128,0.06374038041423745,0.09178072683602388,0.09218260418709097,0.12244644318399948,0.14204950669110078,0.803448155962746,0.6064905519014357,0.9465862724570192,0.4872837433389847,0.5740956635633124,1.307245821513635,0.10048648337324431,0.06503256582294663,0.25815052642879105,0,Baseline,0.9999,0.9999,0.0,0.0001,0.0
2025-11-14 11:46:47.634,0.16756469124076467,0.1355910005872256,0.17691150237023964,0.295051619140891,0.22488118627555753,0.09042508620636461,0.09187703048749846,0.09432727951829707,0.10760383498465219,0.1123804908822123,0.7664340142175786,0.5995950704809092,0.9471666879998517,0.4595500827500231,0.5679165091501676,1.271150663191026,0.07433268042577104,0.05827505934501469,0.26668017630648067,0,Baseline,0.9999,0.9999,0.0,0.0001,0.0001
2025-11-14 11:46:48.641,0.17042626465922497,0.12813828632137703,0.17370685485658094,0.30035817515573016,0.22737041862549648,0.11623622193697905,0.08073966101585829,0.0980220514144247,0.09701424970640046,0.07928704811653821,0.7376696737182662,0.5783323493132613,0.9811141591895948,0.4266182599782979,0.5674100892934285,1.3089316810433613,0.0407491202140578,0.0627818319137672,0.25404123761381736,0,Baseline,0.9999,0.9999,0.0,0.0,0.0001
2025-11-14 11:46:49.634,0.1586404062403239,0.14188756304503428,0.1476285350782927,0.2943071131632777,0.25753638215071545,0.1029799101486251,0.10931092100880195,0.09070887926924708,0.13084122322136746,0.0990618112751201,0.9611119785119214,0.5016138702031699,1.074591679787884,0.4821071318967599,0.539030127899121,1.7444890621534925,0.014109603612991323,0.06932981771471036,0.21402941543918283,0,Baseline,1.0,1.0,0.0,0.0,0.0
2025-11-14 11:46:50.673,0.15228693696323242,0.14802255966797592,0.12376478501137764,0.29910220046643377,0.27682351761676793,0.09239457479902931,0.15890248610397506,0.10156145965549906,0.17893094391339373,0.10848358894602779,1.1959989078830398,0.41378759728446385,1.2304544030411295,0.4948895544340603,0.5091468121407366,2.236690309157137,0.0037687949919837996,0.04187495815382817,0.20079797533517085,0,Baseline,1.0,1.0,0.0,0.0,0.0
2025-11-14 11:46:51.631,0.20821460847568724,0.1326333554343621,0.11273575623829589,0.274751239806628,0.2716650397820084,0.1782161999500237,0.15418218303566475,0.09364524114335464,0.17617065108019572,0.1450770645267346,1.1764975735740117,0.41031935730097735,1.8469259173310837,0.48273977107551086,0.7578295226035558,2.409750240289979,0.024980405891065125,0.02496314564788077,0.18541381908398455,0,Baseline,1.0,1.0,0.0,0.0,0.0
2025-11-14 11:46:52.639,0.284652486408297,0.12046192453002919,0.1050046778231954,0.23933298503863779,0.2505479259383458,0.32262930716843224,0.13152730723825176,0.06892549243631456,0.15547032417534923,0.19278542306885163,1.1472052060462323,0.43873882832679845,2.7108550323733036,0.5033235158845603,1.1893574739343518,2.3860641951549146,0.04659259445024529,0.026711888104806507,0.15871513591172925,0,Baseline,1.0,1.0,0.0,0.0,0.0
2025-11-14 11:46:53.600,0.288123317709164,0.12722713693892004,0.10977683087108366,0.2669951283231294,0.20787758586810343,0.22616927049959368,0.09403984168702507,0.05727305836519688,0.12073514843702061,0.11479646798769443,1.1589615435219995,0.41115666584994837,2.6246275209132808,0.476514807490405,1.0791331988991664,1.8936378950112467,0.053753306778821744,0.04947400510627793,0.15313639372876942,0,Baseline,1.0,1.0,0.0,0.0,0.0
2025-11-14 11:46:54.648,0.2825437687962144,0.14538476985163662,0.12637995546773,0.2745415023199363,0.17115000323338767,0.16081508552249352,0.07140903141320526,0.04977562426357577,0.06436698185841207,0.029918180382064324,1.1503783001804928,0.46033095104558697,2.2356689824255365,0.52955477888609,1.029147710335888,1.3542494856677998,0.05954166780383518,0.08175123080409964,0.1689316300330952,0,Baseline,0.9998,0.9998,0.0,0.0,0.0001
2025-11-14 11:46:55.639,0.30844989916083065,0.16505503231708554,0.1275876763793177,0.23257423312673078,0.16633315867958012,0.151926973438183,0.0862632401788314,0.052019655234642165,0.06798520934514597,0.05025758124507611,1.293659576413805,0.5485890211402068,2.417552256914592,0.709687496337014,1.3262427301236228,1.303677207415395,0.06985623524499254,0.08663474437287268,0.17326821949548465,0,Baseline,0.9996,0.9996,0.0001,0.0,0.0003
2025-11-14 11:46:56.596,0.2677045749518191,0.20342229771295275,0.1345667660270582,0.21230759063800098,0.18199877035502993,0.10927720443383591,0.1417501991350874,0.07514039792082514,0.07696364052828769,0.0556855757901318,1.5116829258958344,0.6338292440905295,1.9893809070523474,0.9581489174276042,1.2609278902278858,1.352479235427579,0.07164940761039898,0.07886304941367553,0.19586392569997446,0,Baseline,0.999,0.999,0.0005,0.0001,0.0003
2025-11-14 11:46:57.643,0.2039727425054834,0.2449777726905951,0.1523422518298129,0.19788887213755718,0.20081836055208324,0.06972529734210034,0.22268784519778798,0.11458531743373698,0.07004906429545582,0.09215994289763896,1.6080749343492662,0.7698373460107589,1.3389110812425038,1.2379562209073742,1.0307438209878672,1.318205192308519,0.06123692499919814,0.0726857827747039,0.2368262061684856,0,Baseline,0.9942,0.9942,0.0047,0.0004,0.0007
2025-11-14 11:46:58.634,0.175618676547865,0.2643522076335861,0.16848775368590907,0.1872395415650495,0.20430182029424646,0.07663033162010362,0.2587930844761902,0.11742552383468666,0.06171217813818512,0.11508367674521479,1.5689697687862085,0.8998512989248119,1.0423230310970786,1.411839568210815,0.9379357890998408,1.2125617660585792,0.011844749201821547,0.07244261720141784,0.24827214117165106,0,Baseline,0.9855,0.9855,0.0121,0.0005,0.0019
2025-11-14 11:46:59.618,0.16539332054231376,0.25966527145302665,0.17820961376373926,0.1848514501936063,0.2118803437773969,0.08498549154466509,0.2684613495991108,0.10966638719179175,0.06473530092399958,0.11656993046465793,1.4570777153835246,0.964069277987252,0.9280829904089991,1.404723939865356,0.8947363486828136,1.1889388423730498,-0.06208663402897109,0.05829987397418557,0.24453321731855107,0,Baseline,0.9864,0.9864,0.0105,0.0003,0.0028
2025-11-14 11:47:00.616,0.17049808609861608,0.24672106023070325,0.18469576335549837,0.1993137606541054,0.1987713293831727,0.09531988140591863,0.2599184693138526,0.13678035546806877,0.07317909861850173,0.10627343047281393,1.3358240730058288,0.92665831743269,0.9231293331788655,1.2378525548988273,0.8554255209716701,1.0762094105996787,-0.04695936017270226,0.044767243356596306,0.27368871930817495,0,Baseline,0.9903,0.9903,0.0073,0.0008,0.0016
2025-11-14 11:47:01.624,0.2190445863192101,0.20939333583963246,0.21876511012050662,0.20358162059900742,0.14921534685472324,0.15841069990419138,0.20579590872305056,0.19402999537710716,0.045134638283392974,0.04327380651265438,0.9571605186616966,1.0745817757566052,1.0012774714659702,1.0285472968436544,1.0759545724960808,0.682080154151302,0.02960589745772347,0.04414068014542541,0.3602778857060045,0,Baseline,0.594,0.594,0.007,0.3652,0.0338
2025-11-14 11:47:02.607,0.29203806900234097,0.17172538874203866,0.21562854658072533,0.17702861875391673,0.1435793766935293,0.24002502440780027,0.17090287762223572,0.19973734469632268,0.04410004257480811,0.044980028790099644,0.7963944640038875,1.2180433645027293,1.354357111290174,0.9700430373934039,1.6496657690790575,0.6658643872143029,0.06181919995444161,0.04254762853484648,0.3559891034893006,2,Focused,0.576,0.3516,0.0138,0.576,0.0586
2025-11-14 11:47:03.630,0.32168542288545793,0.16721951686999456,0.18921389307255648,0.14938479253991302,0.17249637442423824,0.27014431501396663,0.16932281698119597,0.18578483828095185,0.04406711779720373,0.0866776818579163,0.8837591432479045,1.2666207663393458,1.7001151483149923,1.1193877424399743,2.1534012658316377,0.9116474615403516,0.06810647796216737,0.04433968459944878,0.3067573545185728,0,Baseline,0.9137,0.9137,0.0042,0.0726,0.0096
2025-11-14 11:47:04.614,0.3188450618378325,0.17166815748548095,0.18439125577391838,0.13741353053959082,0.1876819941571844,0.26932094057723804,0.16599151632493767,0.18567123015665155,0.04206550213589066,0.11520104478973056,0.9309993982901706,1.3418710779873444,1.7291765990085863,1.2492812339408494,2.3203321927795657,1.017846443916171,0.06785994325340083,0.0462121175538224,0.298437513540972,0,Baseline,0.963,0.963,0.0024,0.0315,0.0032
2025-11-14 11:47:05.648,0.31832223471642646,0.17276889178967225,0.18356733151147572,0.13672556543735942,0.18861597633833474,0.27041678610881625,0.16675096638183562,0.1870687016971139,0.041361306492902414,0.11631511476375903,0.9411744505700738,1.3425968837525704,1.7340896920737208,1.2636179532396703,2.3281835435555744,1.027502903214096,0.06615234944919324,0.04537904783337966,0.298035150623493,0,Baseline,0.9647,0.9647,0.0023,0.03,0.0031
2025-11-14 11:47:06.607,0.3169452536657421,0.17077980183078223,0.18767053771035241,0.16509151937458116,0.15951288720648774,0.2650114060954313,0.17450305936372168,0.19236740185885348,0.04443106657422672,0.07079370813655869,0.9099978867987369,1.1367666071136882,1.688838539305113,1.0344552653776364,1.9198153585858149,0.8499622831211494,0.07172254026820793,0.038364511549519614,0.3044019348152066,0,Baseline,0.8391,0.8391,0.0061,0.1341,0.0207
2025-11-14 11:47:07.629,0.29595015415989345,0.1422156718550949,0.16974101701676664,0.23497458791602516,0.15711856877638855,0.23300151471411537,0.13948127042368555,0.14015363447622772,0.07833291058232679,0.029299404713555063,0.8378391150010371,0.7223802850273561,1.743539316105706,0.6052384943580995,1.2594985023260243,0.9256369631890393,0.07876974019765946,0.03487275420296486,0.2545434810209772,0,Baseline,0.9861,0.9861,0.0001,0.013,0.0008
2025-11-14 11:47:08.594,0.23166666834795258,0.10972587390851252,0.1303460309282245,0.31224350899226905,0.21601791744605373,0.13202289103433285,0.05847521318686382,0.029388001688370982,0.08784679917662444,0.06036972815166234,0.8418044240325907,0.4174499164911467,1.7773203290119157,0.35141121347415144,0.7419422798450094,1.657264892034617,-0.025583314629138126,0.06414936517471274,0.14647825951377405,0,Baseline,0.9999,0.9999,0.0,0.0,0.0001
2025-11-14 11:47:09.587,0.19500629698850291,0.1341517580894199,0.12150991688486822,0.3198940225042517,0.2294380051590965,0.0819475339583991,0.07432622854818104,0.04589493571459032,0.09692593296211895,0.08387171280845906,1.1040394931397657,0.3798442750983585,1.604858977269184,0.41936311546429644,0.6095965450243624,1.8882243701495363,-0.1271073341001917,0.09266600782671396,0.11941222680809954,0,Baseline,0.9997,0.9997,0.0,0.0,0.0002
2025-11-14 11:47:10.617,0.1875155851670725,0.14337561280885858,0.1122555840345229,0.3217041997919175,0.23514901782819564,0.08029066704809723,0.08661804966195408,0.04505787253364921,0.10588694811371063,0.09758046200040985,1.277224658975704,0.348940363904878,1.670434215593784,0.4456752769930981,0.5828819749929914,2.0947643620849603,-0.12459335992752416,0.09573499062315928,0.1029116459078156,0,Baseline,0.9998,0.9998,0.0,0.0,0.0002
2025-11-14 11:47:11.610,0.1868381619348072,0.1425035517597911,0.1115153263507806,0.32227340304793717,0.23686955653906286,0.07995439561709988,0.08616708446531143,0.044535387129300275,0.1089992249340789,0.10174675882274702,1.277882992806788,0.3460270746386176,1.6754481316102794,0.4421821533835127,0.5797504676782493,2.1240984808938776,-0.12322331480690929,0.09492760384852765,0.1024069716641605,0,Baseline,0.9998,0.9998,0.0,0.0,0.0002
2025-11-14 11:47:12.567,0.17017654498966758,0.12767132910458187,0.12999053958917386,0.3310398004614677,0.24112178548961552,0.06707660226570991,0.06865900317024233,0.04769360875255528,0.10336093830182472,0.09806014635207148,0.9821585454333278,0.39267343528250503,1.309145515020121,0.38566759969626835,0.5140667062141028,1.8549178094227945,-0.12251010488438444,0.09437816798006098,0.14005556152295112,0,Baseline,0.9998,0.9998,0.0,0.0,0.0002
2025-11-14 11:47:13.577,0.1494435359896865,0.10832753987515595,0.1562838532188983,0.34140086140615167,0.24454420914699507,0.0558757605397476,0.048450761311053615,0.07200523239238246,0.09861543368171206,0.09533577767053529,0.6931460334035093,0.4577722739113144,0.9562313914672629,0.31730305616672777,0.4377362464663987,1.5647438200607784,-0.12171207440173665,0.0937633888562032,0.1934233832710231,0,Baseline,0.9997,0.9997,0.0,0.0,0.0003
2025-11-14 11:47:14.617,0.12945572008028253,0.0960745428715506,0.14847093862974384,0.34824384183110635,0.2777549562336403,0.042421454127319874,0.03539964305087676,0.07156280015337375,0.0836193205546168,0.12063482857961112,0.6470932108822235,0.4263418804066935,0.8719262675630813,0.27588295490754416,0.3717387095266418,1.8707697283345603,-0.08963157134685859,0.08781572625292731,0.1924748373408124,0,Baseline,0.9997,0.9997,0.0,0.0,0.0003
2025-11-14 11:47:15.617,0.11721634532582516,0.07663406726709239,0.1312055444448142,0.33569171451183166,0.33925232812275913,0.05048472359519024,0.02302596600152551,0.0503845745216631,0.07145380497518915,0.16542140390361784,0.5840763951752144,0.3908512926126357,0.8933794443521599,0.22828703143795068,0.34917853723169096,2.585655230514274,-0.00867723964074231,0.06582162193233988,0.17160380579064016,0,Baseline,0.9999,0.9999,0.0,0.0,0.0001
2025-11-14 11:47:16.584,0.1652613062509566,0.07417044415686098,0.12957547691292257,0.28135648374419503,0.3496362886171864,0.15929034832366631,0.04033862575582674,0.04135141004140352,0.06752525973648528,0.19030777993506864,0.5724110780822693,0.46053842649436266,1.2754056356509442,0.26361731755264056,0.58737334991532,2.6983212407463246,0.04364527365365449,0.05034265643037045,0.16435256011877647,0,Baseline,0.9999,0.9999,0.0,0.0,0.0001
2025-11-14 11:47:17.591,0.23740567664191659,0.0873327790699854,0.11947661330544077,0.2703349119683113,0.2854500186948088,0.24045329516929817,0.056999431250949924,0.042264326787105795,0.07706361733079517,0.14859596710814177,0.7309612261699099,0.44195774795032156,1.9870470898310493,0.32305400439615634,0.8781909303961304,2.3891704569274506,0.04486763463725604,0.05299776245123179,0.15662208528403682,0,Baseline,1.0,1.0,0.0,0.0,0.0
2025-11-14 11:47:18.581,0.2736740338978408,0.09384716923924674,0.1062400629513944,0.3022005357076303,0.22403819789123708,0.24891294430290917,0.061411410067518546,0.04837708524669622,0.18256218570865362,0.0882036249258184,0.8833500075078309,0.3515548348948992,2.5759962911833525,0.31054599527441284,0.9056040360781215,2.1087918303081,0.03907623265891526,0.06204312206836583,0.15093074920419902,0,Baseline,1.0,1.0,0.0,0.0,0.0
2025-11-14 11:47:19.599,0.2859298588482643,0.09650031771747476,0.10232041739011402,0.30657781997059147,0.20867158576359254,0.24060435711504943,0.059851599064012835,0.050917647337140076,0.2004457431096809,0.07973674912447384,0.9431187904400644,0.3337502173589301,2.7944552826984204,0.31476613206744786,0.9326501491503549,2.0393932187948813,0.04044633006237786,0.06842956112822166,0.14963329533490258,0,Baseline,1.0,1.0,0.0,0.0,0.0
2025-11-14 11:47:20.547,0.2882572679059892,0.09796522787406958,0.10223725106507428,0.30265648427302805,0.2088837685691994,0.2424158274314101,0.05914206699601277,0.05246579298830243,0.19278064110794763,0.08297995543757322,0.9582145184006295,0.3377996276294852,2.819493254250158,0.32368453916503315,0.952423864547743,2.043127587663409,0.042887464061833365,0.07028367911022483,0.15092541620253302,0,Baseline,1.0,1.0,0.0,0.0,0.0
2025-11-14 11:47:21.604,0.2973132185718196,0.10742910290214096,0.11078459612071787,0.2762237250801727,0.20824935700199992,0.2511283256671025,0.05465287476111027,0.04773109814552107,0.13793895927183933,0.07350286677708856,0.9697114668176864,0.40106834442942835,2.683705155279863,0.3889206076768173,1.0763492807217518,1.8797679957003985,0.023886699729649186,0.08498777578286434,0.15599881849630987,0,Baseline,1.0,1.0,0.0,0.0,0.0
2025-11-14 11:47:22.572,0.30204363019498076,0.1138180856369317,0.11842427059019274,0.26449252830145054,0.20122148495036243,0.25161312439462646,0.0506607383372622,0.04106777416912337,0.11595035734289681,0.06041611870013537,0.9611043028481568,0.44774144235109137,2.5505211320658376,0.4303262631447456,1.141974106848837,1.6991573345223812,-0.0024334278581674418,0.09658707876758756,0.15741461387801065,0,Baseline,0.9999,0.9999,0.0,0.0,0.0001
2025-11-14 11:47:23.562,0.30408438495180595,0.10811145846239531,0.1186674143564619,0.26850746557137567,0.2006292763277283,0.258003499592868,0.057011384422056645,0.04184709389123322,0.11336942935632568,0.06234985070667014,0.9110457992046933,0.44195199446101563,2.5624925003712478,0.4026385419338417,1.1324987667651476,1.6906853537586137,-0.006346889893698096,0.08266538754230073,0.1580361144002734,0,Baseline,0.9999,0.9999,0.0,0.0,0.0001
2025-11-14 11:47:24.563,0.261780054344626,0.09678346367872935,0.12302365986669594,0.2843101773998468,0.23410264435010902,0.20634942856490016,0.05192006351821184,0.03810806859767869,0.08996240983579244,0.06660963848878006,0.7867060361928763,0.43270929188927904,2.127883639207654,0.3404150395167356,0.9207550975880614,1.9029073397320557,0.0010324348526204175,0.061253665419580466,0.15964483490135195,0,Baseline,0.9999,0.9999,0.0,0.0,0.0001
2025-11-14 11:47:25.587,0.1878800127971762,0.08283684881798041,0.1580947104056092,0.31529485437446375,0.25589357321680367,0.10223461378367592,0.03386694875796443,0.04336762017101921,0.11264629127482226,0.05490984796545053,0.5239697353931457,0.5014186029298787,1.1884015627792603,0.2627281893167731,0.5958866890202127,1.618609227179003,0.06967890000697773,0.05788134563487871,0.18078465655984102,0,Baseline,1.0,1.0,0.0,0.0,0.0
2025-11-14 11:47:26.570,0.15917392827650056,0.08785038471665957,0.19055588608448218,0.323710413326227,0.2387093871699731,0.0646612881601284,0.03878059151563401,0.07864221694290029,0.09733202700273513,0.033279001032483865,0.4610216032240297,0.588661570197401,0.8353135827711752,0.27138571509057097,0.49171703104564285,1.2527000847254932,0.1589179889614005,0.08289115815910376,0.20394698849438403,0,Baseline,0.9999,0.9999,0.0,0.0001,0.0
2025-11-14 11:47:27.543,0.1516258414107506,0.1085016442596421,0.1645629772908624,0.3517046752612118,0.22360486129366774,0.07403067078836359,0.05236090332044415,0.067814408696454,0.04282284242334233,0.042067062247807915,0.6593320043945678,0.46790100953202013,0.9213848381516946,0.3085021292197393,0.4311169221363593,1.3587797898834313,0.16642010718044142,0.09560824338562418,0.17564027920369524,0,Baseline,0.9999,0.9999,0.0,0.0,0.0
2025-11-14 11:47:28.583,0.15865468685959655,0.12049206543067036,0.11830628444085331,0.36937290110427473,0.2331740616941659,0.08906399062794086,0.054889012695124424,0.04311552930271282,0.032678492291600185,0.09846896079638358,1.0184755257541247,0.3202895526019102,1.3410502594932956,0.3262070980528813,0.4295244239359177,1.9709353825695235,0.12131685300219167,0.08790994082653719,0.12072416892511187,0,Baseline,1.0,1.0,0.0,0.0,0.0
2025-11-14 11:47:29.554,0.15535241306096795,0.11961498247420618,0.1138801531630821,0.3713760029887189,0.23977644787721114,0.08285068268459668,0.05449270709486475,0.044022995355607775,0.0388918982824329,0.11465458305221023,1.0503583692878236,0.30664380353111653,1.3641744861086607,0.3220859137120406,0.4183156898334384,2.1055154929295217,0.11357637642865974,0.08801062562952977,0.10130944560583363,0,Baseline,1.0,1.0,0.0,0.0,0.0
2025-11-14 11:47:30.561,0.15960753862061056,0.11288501544959387,0.1467200462573335,0.37214967502889795,0.20863772422400467,0.0776774870055673,0.054672330327983895,0.06561773215273896,0.06021764420878877,0.05610505771190987,0.7693904864076927,0.3942500884985043,1.0878372234309506,0.30333228803036116,0.42887995084079356,1.4220122970650533,0.12235965273227413,0.08362815934485507,0.14956564745566744,0,Baseline,1.0,1.0,0.0,0.0,0.0
2025-11-14 11:47:31.583,0.1953088630916919,0.11169429345869558,0.15319710821772792,0.3477347898014136,0.19206494502884797,0.0791700194386861,0.05357821436553378,0.08981171563429308,0.049819206718264036,0.05222510605895322,0.7290887371650987,0.4405573106436762,1.2748860119817242,0.32120539423285394,0.5616603894785049,1.2537112137832778,0.11824193604365281,0.07544229813258145,0.1815252204348376,0,Baseline,0.9999,0.9999,0.0,0.0001,0.0
2025-11-14 11:47:32.566,0.20484079456852952,0.11076407294140676,0.10539015445954722,0.32609815700615485,0.2529068206494269,0.08924956237247232,0.05399106757933135,0.05880740751596071,0.040837490573780444,0.12008370418923224,1.050990607229978,0.3231853629448891,1.9436424226015443,0.3396648130785604,0.6281568413865488,2.399719385071291,0.07869673788870134,0.06473266918536706,0.1332144760441265,0,Baseline,1.0,1.0,0.0,0.0,0.0
2025-11-14 11:47:33.541,0.21760643684936076,0.09527408571810739,0.09203159323676005,0.28822454546350357,0.3068633384032238,0.14331580504426827,0.05097151479013732,0.03915945140167947,0.04129590443105022,0.16923915370102519,1.0352322720381797,0.31930517886916665,2.364475128066035,0.33055506171184457,0.754989235734688,3.3343256839043502,0.04149878938490905,0.05693290216675141,0.12761906687128405,0,Baseline,1.0,1.0,0.0,0.0,0.0
2025-11-14 11:47:34.564,0.2661373560459577,0.08518177246916314,0.11400770928816917,0.26298448192552853,0.2716886799738947,0.28570895176531114,0.051569923107573294,0.06627945317475806,0.04133511919010026,0.13466655810230507,0.7471579380853612,0.4335149515981865,2.3343801429205095,0.32390416577599856,1.0119887834348877,2.383072669730079,0.04798895727538267,0.04927486614312416,0.15661776166136465,0,Baseline,0.9999,0.9999,0.0,0.0,0.0001
2025-11-14 11:47:35.562,0.3238190314713381,0.13188110757689858,0.15995452887809236,0.20855878795398444,0.17578654386818085,0.3737620596770146,0.10229087824443986,0.12241879583362601,0.03929778431599556,0.07731202254349653,0.8244911866953045,0.7669517203171841,2.0244441560869575,0.6323449735551137,1.552651025265231,1.0989781540500998,0.05487738202440514,0.045878046499426915,0.23496999630531884,0,Baseline,0.9994,0.9994,0.0,0.0003,0.0003
2025-11-14 11:47:36.547,0.35190148782815744,0.17750011689720713,0.2035666775299113,0.15562289323180575,0.11140882429174202,0.3792219957663857,0.14369099264154214,0.17872123910413615,0.03643251114806637,0.04933202225596195,0.8719507059381999,1.308076596069485,1.7286791473504248,1.1405783673937409,2.2612448458437244,0.5472841634531782,0.05307234504722122,0.05305592378515171,0.3162806274569416,0,Baseline,0.5669,0.5669,0.0311,0.3217,0.0802
2025-11-14 11:47:37.561,0.3236875004127029,0.19167521411584568,0.1981292682778226,0.18184900088284114,0.10465901604334191,0.3339126470818434,0.14293723432095098,0.14739329890292513,0.0482384457102215,0.04174218389885934,0.9674249852516656,1.089526235616812,1.6337186670554513,1.0540349556222508,1.7799794392131352,0.5282359929489372,0.07217955219676027,0.08136910081013099,0.28414912295188677,0,Baseline,0.8024,0.8024,0.0138,0.149,0.0348
2025-11-14 11:47:38.555,0.279962879291074,0.17366527262899709,0.19097220659054367,0.24593519488102397,0.10946444629911958,0.25500041891010383,0.11331499538277548,0.09726466351937625,0.07900771267849346,0.03920774163846903,0.9093745453106734,0.776514312714726,1.4659874838827045,0.7061423870283683,1.1383603231042567,0.573195662978653,0.09265236811827401,0.09711344751728095,0.24853343681352622,0,Baseline,0.9789,0.9789,0.0004,0.0179,0.0028
2025-11-14 11:47:39.538,0.3394045413122899,0.15643637494784174,0.1958002340057418,0.22018671288221364,0.08817213659623592,0.16016991840532108,0.06456789162777914,0.11439466021013475,0.07474684475808693,0.040377403930395454,0.7989590398225156,0.8892463244047776,1.733422463469131,0.7104714257976653,1.5414396330057125,0.45031678608965514,0.05681183801692068,0.10128442974399995,0.2762195254246211,0,Baseline,0.5412,0.5412,0.0078,0.4391,0.0119
2025-11-14 11:47:40.571,0.41108689066441745,0.1697746412779641,0.16434065729778127,0.17837894169516533,0.07641886883641996,0.08849048481668567,0.05848575469224465,0.09950043248476928,0.07040408157154378,0.03876539061146658,1.03306530312632,0.9213007237458469,2.501431309874981,0.951763869361082,2.3045706164196464,0.4650027901976985,0.03450920939010298,0.13038730085495523,0.23916566397484096,2,Focused,0.3858,0.2842,0.3101,0.3858,0.0199
2025-11-14 11:47:41.555,0.4401414727151044,0.1811526245454367,0.14322355255631944,0.16313901231328756,0.07234333764671973,0.06941528892991186,0.06181452177876698,0.09089083566810865,0.07517160444986427,0.03861747403684535,1.264824176358569,0.8779233228532962,3.073107977900136,1.110418721264348,2.6979533558186293,0.5051077934070544,0.038287711054399105,0.1442212546180094,0.215800392011453,1,Relaxed,0.7257,0.1201,0.7257,0.1367,0.0175
2025-11-14 11:47:42.552,0.41953876426669123,0.17425293068865366,0.14007849589796678,0.18663441879617812,0.07949539011516696,0.12606009876353444,0.07746957236498066,0.08558979794310966,0.06182180885725844,0.033799591795066745,1.2439662285916981,0.750550135907375,2.9950259790198177,0.9336590885862427,2.2479173160749775,0.567505982488644,0.04641395892934574,0.11822346041897983,0.2113683450572008,0,Baseline,0.698,0.698,0.1699,0.1172,0.0149
2025-11-14 11:47:43.535,0.3771458103139886,0.1579967103432563,0.13583251401480156,0.226760538611375,0.10226442647094117,0.22991762440316071,0.09755700621625286,0.054515524230982035,0.04574075932724022,0.043259454498635705,1.1631728961028474,0.599012989016855,2.7765501160303208,0.6967557245331638,1.6631897066025612,0.7528714290827541,0.040532167180332104,0.07300726719135515,0.1842139303098491,0,Baseline,0.998,0.998,0.0007,0.0008,0.0005
2025-11-14 11:47:44.548,0.3674767006170963,0.15638810535557057,0.1353866322181192,0.2287619982908774,0.11198656326909198,0.2609697936379569,0.10220088146264981,0.030188205378408706,0.040604783362257715,0.04857837240917618,1.155122121306593,0.5918230620093667,2.7142759034163846,0.6836279613209142,1.6063711949487662,0.8271610953218876,0.031127565382637,0.06067098038342181,0.1631881008132225,0,Baseline,0.9994,0.9994,0.0002,0.0001,0.0004
2025-11-14 11:47:45.537,0.3809295700886442,0.1642272489427276,0.13277962951117386,0.2138928844135783,0.1081706667801811,0.2778746010112397,0.11080082662407786,0.03852550681932584,0.05957523281674139,0.039133229861480094,1.2368405995627616,0.6207762528774532,2.8688854066107603,0.7678013306285044,1.7809360667778318,0.8146630551070156,0.04118337333653213,0.05838916664425056,0.16841979902308626,0,Baseline,0.9992,0.9992,0.0003,0.0002,0.0003
2025-11-14 11:47:46.532,0.3679409672293755,0.13621326899382466,0.1212014795586339,0.23091306120973545,0.14373122273708244,0.2449669404076739,0.08732427393104979,0.048362968894934,0.0816798054806065,0.050838510402172396,1.1238580440707246,0.5248792496833067,3.035779251305125,0.5898898155925693,1.5934176670976732,1.1858866030483006,0.05311067805148526,0.05072798837867905,0.16518618306275423,0,Baseline,0.9998,0.9998,0.0,0.0,0.0001
2025-11-14 11:47:47.544,0.3348438429832018,0.09835436671456642,0.1120293890157,0.26090538872601005,0.19386701228956255,0.23796112373626357,0.08195804081269992,0.05054505667865836,0.11568204712059363,0.09168906001918271,0.8779335386846346,0.42938700986156186,2.98889261144993,0.37697329068247193,1.2833917757862814,1.730501225507723,0.06316462903718648,0.0433987582160866,0.15511324171275936,0,Baseline,1.0,1.0,0.0,0.0,0.0
2025-11-14 11:47:48.540,0.3263031744080512,0.0914560810371631,0.11054391791407119,0.25950573400624477,0.2121910923628373,0.2422331157212477,0.08584082627986737,0.05165489492074366,0.11398484342052573,0.11402822726777007,0.8273279479290298,0.42597869398764077,2.9517964538196577,0.35242411063919377,1.257402512062311,1.9195182979908154,0.0669798393074601,0.040976876328790046,0.153800055262248,0,Baseline,1.0,1.0,0.0,0.0,0.0
2025-11-14 11:47:49.520,0.32765796996994406,0.09477464465819797,0.11939609327366534,0.22973060753733285,0.22844068428711564,0.2414380785960744,0.08421749462177136,0.04043622292780939,0.07177552728149232,0.13796669511426168,0.793783398784523,0.519722162215764,2.7442936660916484,0.4125468589000612,1.4262703573532045,1.9133010041668739,0.03196578959041145,0.04651067965636069,0.1549956091242126,0,Baseline,1.0,1.0,0.0,0.0,0.0
2025-11-14 11:47:50.568,0.28278405322253164,0.0976503823372779,0.13840215091787042,0.24582925863556598,0.23533415459551926,0.17034706328458984,0.07011230662037811,0.04668198049882217,0.046515799651745134,0.1343193921743587,0.7055553301311882,0.5630011092090388,2.0432054770469894,0.39722846217323887,1.1503270330342557,1.7003647416688061,-0.008863547436171404,0.06132171871198823,0.1778025031700512,0,Baseline,0.9998,0.9998,0.0,0.0,0.0002
2025-11-14 11:47:51.541,0.21112141517654878,0.1044450995500945,0.17098024430143824,0.29695258786489453,0.21650065276436056,0.09788085104993934,0.06731863964116512,0.08705594790863427,0.06497097845633043,0.07535126944382482,0.6108605930949065,0.5757829550264776,1.2347707402770713,0.35172313797239185,0.7109599871983722,1.2662319029112559,-0.02268970648233097,0.07034942171334346,0.24284902465007688,0,Baseline,0.9998,0.9998,0.0,0.0,0.0002
2025-11-14 11:47:52.508,0.19762277616137416,0.10493649854785192,0.1854267954920671,0.2908135908164099,0.22120033858374255,0.12313654794909262,0.0769843466962203,0.10624577566508255,0.07742059461383147,0.046413130082217154,0.5659187099156562,0.6376139044787204,1.0657724250652036,0.36083765770672516,0.6795513538795356,1.1929253593985145,-0.03334619544265226,0.05500484306434382,0.27989446632814163,0,Baseline,0.9997,0.9997,0.0,0.0001,0.0002
2025-11-14 11:47:53.564,0.22208864659812663,0.09162831802609196,0.14307675184460789,0.2904970128584466,0.2527092702635588,0.14567222825149453,0.04716934859519668,0.07588339883889311,0.07074686864125432,0.05731547954595023,0.640413697128589,0.49252398677533554,1.5522342254246122,0.3154191293407527,0.7645126425489944,1.766249578237031,-0.022946794430431162,0.05219331698089504,0.21849251896095845,0,Baseline,0.9999,0.9999,0.0,0.0,0.0001
2025-11-14 11:47:54.528,0.20549710042423291,0.08439347016276119,0.11260648400532089,0.3415751282099775,0.25592781678870286,0.1413320834141134,0.025599962565806635,0.04846839458256233,0.10455708938658592,0.062045772264928765,0.7494547353438908,0.32966826741382443,1.8249134052119833,0.2470714660470451,0.6016160939029089,2.27276249961756,0.03262107656587053,0.06467075434890535,0.15832071801347414,0,Baseline,1.0,1.0,0.0,0.0,0.0
2025-11-14 11:47:55.508,0.1747399288662289,0.07988479006306677,0.125134354235368,0.3668371869646203,0.2534037394397128,0.14583534158301742,0.023872668604343446,0.047792324029219915,0.11326210879037599,0.05526417280749939,0.6383921039692159,0.34111686402247976,1.396418401403764,0.21776632992529185,0.47634190401657045,2.0250531577647215,0.11030564407634433,0.06657649216877798,0.15166251963211572,0,Baseline,1.0,1.0,0.0,0.0,0.0
2025-11-14 11:47:56.504,0.17563675655448918,0.08018008073549421,0.1382307438761606,0.34424830813771046,0.26170411024296153,0.1083026647723591,0.026822580377985485,0.05682309051702513,0.08081209552871353,0.07713730439399942,0.5800451671364438,0.4015437014302677,1.270605502968176,0.23291350025832105,0.5102036736290715,1.8932408520134336,0.1331551507820526,0.05756814510909692,0.16205070527526777,0,Baseline,1.0,1.0,0.0,0.0,0.0
2025-11-14 11:47:57.565,0.19407282589040664,0.0949681886832999,0.15274627216102712,0.3160693007161166,0.24214341209817872,0.08787567909258057,0.04269560464026953,0.07055406330846879,0.09075155981896185,0.09878924277950571,0.6217381355520208,0.4832682800331063,1.270556789629829,0.30046633907015824,0.614019834607469,1.5852655048121431,0.08497693514010769,0.05639367938987463,0.17677029618394582,0,Baseline,1.0,1.0,0.0,0.0,0.0
2025-11-14 11:47:58.540,0.18465833436731774,0.09769017521028621,0.17966262651321624,0.31663513209458466,0.22135373136092087,0.08073653852684601,0.044110458241920635,0.10390809149776745,0.11062678003764959,0.0827220221443824,0.5437423000474558,0.5674121492792097,1.0278059921141924,0.3085260042964668,0.5831896394878271,1.2320521153247008,0.06829653912898032,0.06607367046107847,0.21283675432121218,0,Baseline,0.9998,0.9998,0.0,0.0001,0.0
2025-11-14 11:47:59.517,0.15176443488746094,0.09111901126696113,0.1701169856974312,0.32977747013636527,0.25722209753287645,0.07605768341243516,0.05128462040917943,0.08480948368875009,0.1116846950387468,0.07216920519684836,0.5356255610640146,0.5158538588720086,0.89211800540722,0.27630452882738626,0.46020254271063415,1.5120305674241377,0.09283098478719445,0.06148006684986092,0.21230270156559844,0,Baseline,1.0,1.0,0.0,0.0,0.0
2025-11-14 11:48:00.559,0.16382702292368095,0.09911524425785845,0.12893005988922804,0.315974298164139,0.2921533742927761,0.09257928059049689,0.07069610837710463,0.04943181039538634,0.09227890867426666,0.07083197446920075,0.7687519625407371,0.40803969360145825,1.2706657420137528,0.31368133958021394,0.5184821002553721,2.2659832151164077,0.10732548586274174,0.056102889323352445,0.1603879365861845,0,Baseline,1.0,1.0,0.0,0.0,0.0
2025-11-14 11:48:01.522,0.2081697475402338,0.1164238438425083,0.11003134780996479,0.2986319634763315,0.26674309689487447,0.1191875695340525,0.07265925337889924,0.05535193161433988,0.08744626370905723,0.08116536444964828,1.0580969476318194,0.3684513300069843,1.8919129208581054,0.38985726306274315,0.6970778953002251,2.424246162221924,0.1131669821760625,0.05634483080213064,0.13925758178041298,0,Baseline,1.0,1.0,0.0,0.0,0.0
2025-11-14 11:48:02.499,0.2292886754761305,0.12731859955796146,0.11114730915984664,0.2954425374000014,0.236802877991909,0.1389093031066969,0.06818021554083682,0.048101292431894704,0.09410793700553614,0.08173257907656406,1.1454941110622567,0.3762061698221266,2.0629258286147123,0.4309419908486778,0.7760854944352182,2.130531620392487,0.08544613355893302,0.06324603901427,0.13581597108785842,0,Baseline,1.0,1.0,0.0,0.0,0.0
2025-11-14 11:48:03.556,0.23013404077014432,0.13161446589100195,0.1252346659611554,0.2875914742522126,0.22542535273035827,0.11042484153296121,0.04880288303670611,0.02555618484759555,0.09432670281959937,0.07483909656689691,1.0509426792610173,0.4354602720132243,1.8376223598129167,0.457643821524209,0.8002115965586828,1.8000234439883045,0.0007554411567488317,0.08733896882195094,0.12758003910857285,0,Baseline,0.9999,0.9999,0.0,0.0,0.0001
2025-11-14 11:48:04.520,0.23096798982419578,0.13845560597579765,0.12895252363906504,0.28288429398204684,0.21873958619325656,0.10307685075272925,0.04233451311579624,0.02687140953502214,0.09383934404766937,0.07309549980425813,1.0736943437135673,0.45584898781534716,1.7911085831835574,0.4894425177601395,0.8164750980275459,1.6962798637636953,-0.026164644564002,0.10524541160805426,0.12451608467509581,0,Baseline,0.9996,0.9996,0.0,0.0,0.0004
2025-11-14 11:48:05.535,0.2272415983286409,0.13265393004521037,0.13605131605252724,0.29745886829008344,0.20659428689897275,0.11178610847177023,0.05170026046881116,0.02567895971568672,0.09389051623149414,0.06587029364926746,0.9750285711584672,0.4573785688785167,1.6702637520850518,0.4459572052707251,0.7639429007294034,1.5185025599765931,0.02226598205211637,0.08760253160770975,0.16047703163708663,0,Baseline,0.9999,0.9999,0.0,0.0,0.0001
2025-11-14 11:48:06.532,0.21106016924095897,0.11752771886104907,0.17510812635848969,0.30817546910375065,0.1881285160660373,0.12524190505463384,0.0697105332596169,0.09756126818666751,0.11342347412380507,0.049038248405856896,0.6711722327992844,0.5682091478132744,1.205313320272375,0.3813662242137119,0.6848700936712205,1.0743562234075275,0.059386526664374245,0.0656499610530285,0.24466315169422892,0,Baseline,0.9995,0.9995,0.0,0.0005,0.0
2025-11-14 11:48:07.540,0.19181328599033662,0.13660126568809983,0.16697696655018998,0.3218438774089662,0.1827646040100634,0.11127393605353873,0.10306733444297601,0.09255877319726247,0.11799768642216796,0.07874132058841073,0.8180844360122917,0.5188135399881396,1.1487409219718465,0.4244333076754102,0.5959823799499413,1.094549726471589,0.039341128927910626,0.0645549666989193,0.23281836182524557,0,Baseline,0.9998,0.9998,0.0,0.0001,0.0
2025-11-14 11:48:08.506,0.18415732398244683,0.1462248464012543,0.14806903152693857,0.34300808832930957,0.17854070940374028,0.08365878446791952,0.11783327798730278,0.06577008740983203,0.09867555335816357,0.05503196983641564,0.9875450323263641,0.43167794652120106,1.2437260488982274,0.42630144044257856,0.5368891430826922,1.2057936457382818,-0.0028416820449195523,0.05746144123668093,0.2061500383675855,0,Baseline,1.0,1.0,0.0,0.0,0.0
2025-11-14 11:48:09.529,0.2012266131793698,0.13248898025538902,0.1929106978582024,0.30519926931962016,0.1681744390309287,0.0785086674705333,0.07445511686953692,0.07514510971627116,0.10301601131333013,0.03256099715388313,0.6867891457470265,0.632081105460857,1.0431075361937916,0.4341064649652722,0.6593285987698388,0.8717734795444538,0.0061311755584738115,0.08673805021560804,0.25526486584000774,0,Baseline,0.9991,0.9991,0.0,0.0007,0.0002
2025-11-14 11:48:10.537,0.20956795412366386,0.15183165408607774,0.21280835130841752,0.2689208908207286,0.156871149305112,0.045943515293980004,0.0647489515122984,0.044640878823873145,0.1061739527042723,0.05364559852556741,0.7134665816350709,0.7913418059323045,0.984773120920482,0.5645959597141675,0.7792921765622399,0.7371474896033939,0.012920436491954235,0.1498077509158717,0.24780070037400104,0,Baseline,0.9971,0.9971,0.0004,0.0012,0.0013
2025-11-14 11:48:11.535,0.21050685662594096,0.16153510857324227,0.1987901500664782,0.27999871150390765,0.14916917286168963,0.024677020038971258,0.07387330966170529,0.024532270851454315,0.10466343936370821,0.06956318533956184,0.8125910684876086,0.709968063420975,1.0589400227634231,0.5769137362685705,0.7518136350597698,0.7503850935670325,0.005899533554029279,0.15393873061915128,0.2228353717487599,0,Baseline,0.9975,0.9975,0.0011,0.0004,0.0011
2025-11-14 11:48:12.543,0.2488226908558414,0.13297194100139406,0.1930517856603866,0.27916879235648373,0.14598478977666374,0.05860601817654154,0.06299958716631997,0.028518836347944245,0.09217211820573208,0.06725130097928915,0.6887889363915372,0.6915234941398277,1.2888908388791473,0.47631375669117915,0.8912983426353925,0.7561949334751471,0.04693229157586734,0.10574600818434732,0.2151454742619908,0,Baseline,0.999,0.999,0.0003,0.0004,0.0003
2025-11-14 11:48:13.537,0.25721425897589684,0.11981254540556464,0.18832261649812895,0.2929765044892372,0.14167407429022508,0.07552272344762945,0.04546909751915952,0.04207303801126223,0.09452582370267529,0.05827530361766943,0.6362089762313029,0.6427908285633155,1.3658170755092582,0.40894931668649537,0.8779347362511745,0.7522944901771146,0.10562964162040869,0.1005191984034784,0.2070928208691713,0,Baseline,0.9987,0.9987,0.0001,0.0011,0.0002
2025-11-14 11:48:14.518,0.2335876320526842,0.12073551677556485,0.17715117793840648,0.3199323452482716,0.14859332763245653,0.11226127624968853,0.035043177446813005,0.0588775009138252,0.1118099667840166,0.05583883834549205,0.681539413766411,0.5537144806780637,1.3185778473802843,0.37737826385791007,0.7301156892100433,0.8387938537794102,0.15231550901033242,0.1128090695180877,0.20048227816926684,0,Baseline,0.9989,0.9989,0.0,0.0009,0.0001
2025-11-14 11:48:15.492,0.23646646490916712,0.10884730500112813,0.16062791664615525,0.2989101942225234,0.19514811888122593,0.10924774102313206,0.03033969131435489,0.058945272775472776,0.09831174443925204,0.0681177634262021,0.6776362446668827,0.5373784982147213,1.472137939189587,0.36414717016518067,0.7910953241767882,1.2149077869324347,0.11744563427067205,0.08362040675494041,0.20017889136974548,0,Baseline,0.9999,0.9999,0.0,0.0001,0.0001
2025-11-14 11:48:16.534,0.22959217961508965,0.09845002445627904,0.14191298682932996,0.2914298954039723,0.23861491335881954,0.13591883644649363,0.051698852289698234,0.05472703336663219,0.07756917278635914,0.07197356087183134,0.6937350817464509,0.48695409838813214,1.617837581791089,0.3378171650565863,0.7878126964932962,1.6814169152229732,0.01911217168381539,0.05047768119505799,0.19480444398279542,0,Baseline,0.9999,0.9999,0.0,0.0,0.0001
2025-11-14 11:48:17.503,0.2532707405570169,0.1346944713331677,0.15269772000248097,0.2579071461572165,0.2014299216339637,0.11617029427049831,0.06928642040625846,0.050440977746553935,0.060351852137819136,0.06528912209208405,0.8820987144404782,0.592064688229894,1.6586411635123974,0.5222595345553727,0.9820229276717964,1.3191415591488553,0.018454232762907988,0.09069490282721605,0.1984177572388518,0,Baseline,0.9996,0.9996,0.0,0.0,0.0004
2025-11-14 11:48:18.494,0.28716236392066885,0.1562298735426266,0.1721366610030987,0.22811854947622992,0.15635255176336238,0.0976163104056161,0.0693578422620532,0.05039958224853642,0.052844294469884825,0.053729510724495465,0.9075920466697898,0.7545929686665211,1.6682230593125593,0.6848626166206605,1.258829463854261,0.9083047258451269,0.05078099409907101,0.1225261415104471,0.21731697541712156,0,Baseline,0.997,0.997,0.0006,0.0006,0.0018
2025-11-14 11:48:19.545,0.26991988870537154,0.13263175164942198,0.16781929974063206,0.2691578030258832,0.16047125653681626,0.08810289187974649,0.06024742235861137,0.06795040383811407,0.07696292618402895,0.04635796547592655,0.7903247358984308,0.623497783155542,1.608395893908382,0.49276575016853635,1.0028313340449644,0.9562144951306715,0.03814849782192796,0.09178024613919279,0.23040908514379688,0,Baseline,0.9989,0.9989,0.0001,0.0007,0.0003
2025-11-14 11:48:20.520,0.24568933881497268,0.1273438684503308,0.15126543127661748,0.31077813442375285,0.16492322665950962,0.10332799841380988,0.05476830712597993,0.07739393545147648,0.13386253955866073,0.05876891724929458,0.8418569858098549,0.48673123895856635,1.6242265036974521,0.40975812081783536,0.7905618307572165,1.0902901896667614,0.00592831911587155,0.07427352572147844,0.22847798328121133,0,Baseline,0.9998,0.9998,0.0,0.0002,0.0001
2025-11-14 11:48:21.470,0.262726592262155,0.1452047720576389,0.13278949949977936,0.31182340532555614,0.14745573051441516,0.11436559864001504,0.05704161179339009,0.08007928968929273,0.16903973080942744,0.05380708695277256,1.093495808551655,0.42584839038191474,1.978519186130374,0.4656634650288828,0.8425492742033434,1.1104471359965387,-0.017828905697627767,0.08866334085758916,0.20337595174893336,0,Baseline,0.9997,0.9997,0.0001,0.0001,0.0001
2025-11-14 11:48:22.504,0.2686888751104849,0.1470939745443621,0.11983906533474253,0.2993635199000479,0.16501456478256807,0.12460177395201996,0.06291821540841035,0.07319423849856171,0.17646548505310242,0.049165579277357985,1.2274291514140054,0.40031284163022346,2.242080676607068,0.4913556925036064,0.8975337617117065,1.3769679407291682,-0.01444272309488498,0.08477785231926573,0.18342393298399218,0,Baseline,0.9999,0.9999,0.0,0.0,0.0
2025-11-14 11:48:23.500,0.21614465433289665,0.13054744679993738,0.12298290422432434,0.28111753909426346,0.24920745524015292,0.11097608986701255,0.056052530931305945,0.06475387445131166,0.15714224994667766,0.05350107014766768,1.0615088089538611,0.4374785730046547,1.757517747047713,0.4643873967333239,0.7688764185277516,2.026358350767257,-0.02219828325656375,0.07706346225406685,0.1760712601598977,0,Baseline,0.9999,0.9999,0.0,0.0,0.0001
2025-11-14 11:48:24.477,0.17090755346608133,0.12395231032661132,0.15004775131439935,0.2540869411313591,0.3010054434603171,0.0964098579226488,0.05120896690168449,0.06163189093425228,0.12247915415854074,0.03644882633965463,0.8260857025843292,0.5905370214656436,1.1390210155016833,0.48783422279143274,0.6726341227091379,2.00606420797983,-0.040364960447436565,0.08741762429609112,0.20544548538122803,0,Baseline,0.9996,0.9996,0.0,0.0,0.0004
2025-11-14 11:48:25.532,0.18537564049499666,0.12801718284126812,0.1736182425146475,0.23386616741608787,0.27912276642739176,0.09214953684691736,0.0609315700096144,0.08757985803492722,0.0956935475251622,0.06501511266360915,0.737348642709486,0.7423828637082095,1.0677197691490257,0.5473950284546862,0.7926569055138817,1.6076810034926672,-0.026603175138318738,0.08806748848262613,0.2552953814520543,0,Baseline,0.9992,0.9992,0.0,0.0,0.0008
2025-11-14 11:48:26.507,0.2526907014514275,0.15613394194674485,0.1783691287427025,0.19080571938898006,0.2220005082175642,0.19269590957429863,0.14866285686997505,0.15727999066856121,0.0764674713280115,0.053419534163343926,0.8753416821279161,0.9348206121162952,1.4166727676805901,0.818287492973795,1.3243349780985225,1.2446127720434865,0.004122444905712633,0.06737413904556813,0.2959302534201425,0,Baseline,0.9967,0.9967,0.0001,0.0024,0.0009
2025-11-14 11:48:27.490,0.2611736822741758,0.15832476590199493,0.18695410977182084,0.17364904571605064,0.21989839610378786,0.21917724299440952,0.16353677165834526,0.18553627328686975,0.06534430990980844,0.0682806412170676,0.8468642792960739,1.0766203651433988,1.3969934580363386,0.9117513783713639,1.5040316873432624,1.1762158350518075,0.006272863879730688,0.06150967566889706,0.3196178817945128,0,Baseline,0.9881,0.9881,0.0002,0.0097,0.002
2025-11-14 11:48:28.504,0.1962924497274123,0.13477536734146903,0.1539227444718626,0.2273063231373783,0.2877031150499747,0.10974636650929465,0.09425466131564805,0.1186533007617165,0.0672350035241331,0.09557844519997433,0.8756039209661249,0.6771599468758995,1.2752659631185004,0.592923943126627,0.863559087941373,1.8691395956181867,0.009513419664785236,0.06296619088704981,0.25066373888120963,0,Baseline,0.9997,0.9997,0.0,0.0,0.0003
2025-11-14 11:48:29.504,0.14695709876288934,0.14259727651053586,0.10491191962668081,0.2887836076981224,0.3167500971086691,0.06354109683701092,0.07506247071645449,0.04763015120032148,0.08348938827961647,0.10645586383442868,1.359209357962958,0.3632890274833721,1.4007663312058247,0.49378589286736746,0.5088830867009559,3.0191999921819606,0.004960910406749078,0.06963151449602258,0.15250959475348919,0,Baseline,0.9999,0.9999,0.0,0.0,0.0001
2025-11-14 11:48:30.505,0.13543025657793994,0.15861509168339233,0.11730255462572192,0.2936050115377491,0.29504708529833323,0.052658283644417075,0.07809706501886571,0.027107952271239095,0.07088342870272157,0.10372245777913451,1.3521877564185112,0.3995250285957395,1.1545378995766902,0.5402328981045681,0.46126682666606755,2.5152654269729053,0.04932772276256851,0.08606172404043268,0.1378241562011282,0,Baseline,0.9999,0.9999,0.0,0.0,0.0001
2025-11-14 11:48:31.470,0.12783820310396182,0.15874126626073137,0.13497795538468785,0.2916380830977174,0.28680449188741775,0.047769124070971704,0.07947396354961517,0.049120896405521336,0.06055028188237485,0.09870000993280467,1.17605318622427,0.46282690286094286,0.9471042383815932,0.5443090941056966,0.43834535381195167,2.1248245302114577,0.13761546576428674,0.08828173937993704,0.12995927579623348,0,Baseline,0.9999,0.9999,0.0,0.0,0.0001
2025-11-14 11:48:32.508,0.1340717091133345,0.15430430613673196,0.14029731035889567,0.29520660057169235,0.2761200735509283,0.04937805359181506,0.07895272256124229,0.06384146644795939,0.050038526878694936,0.09058549668069212,1.099837871044186,0.47525124890393944,0.9556255869346942,0.5226993590621455,0.4541622860466891,1.9681065386322663,0.1776164465814093,0.08519037800937426,0.13016374026546867,0,Baseline,0.9999,0.9999,0.0,0.0,0.0001
2025-11-14 11:48:33.482,0.14704073261533832,0.14652593524260774,0.15993679589696924,0.2806265537828264,0.2658699821885785,0.06024394660524668,0.06881298363890549,0.06451536545485738,0.041262959427830335,0.08714171643022109,0.9161489403320913,0.5699274998810963,0.9193676952012001,0.5221385077287353,0.5239729647587155,1.6623439532727136,0.17539321793759177,0.08821887287592631,0.16478355964902464,0,Baseline,0.9999,0.9999,0.0,0.0,0.0001
2025-11-14 11:48:34.483,0.14849360456163882,0.14597115191364876,0.1823300680012874,0.26369810098293556,0.2595070742763405,0.07126193529859441,0.07834564152802437,0.10703743418401801,0.05272786501242498,0.09005543362590421,0.8005873387089655,0.6914348658837619,0.8144218781093833,0.5535540295284666,0.5631197129479936,1.4232817597681726,0.08325939658019821,0.07237305668153948,0.24787005386367875,0,Baseline,0.9996,0.9996,0.0,0.0001,0.0003
2025-11-14 11:48:35.466,0.13731963745119546,0.14541608846226892,0.17656264963932994,0.27253897921177456,0.2681626449697669,0.06097028312002596,0.09372569628485204,0.1443198245579035,0.0679266529658597,0.09489343262785369,0.8235948006181766,0.6478436356940223,0.7777388363525027,0.5335606801905115,0.5038531838998352,1.5187959080224047,0.008638908628900432,0.056099999280190806,0.2794717337521676,0,Baseline,0.9996,0.9996,0.0,0.0001,0.0003
2025-11-14 11:48:36.474,0.12449423986976532,0.10613600194916271,0.16779234031267007,0.3007148121510603,0.3008626054185687,0.056175089505129845,0.06123407165059003,0.11706105740773083,0.0786415759628474,0.11390390645862902,0.6325437467881296,0.5579782835858411,0.7419542049311453,0.3529456951604688,0.41399435843979526,1.7930650882351364,0.02503062425891664,0.04683820324659918,0.2599982343600313,0,Baseline,0.9999,0.9999,0.0,0.0,0.0001
2025-11-14 11:48:37.472,0.11854142336909647,0.07237744439378367,0.16337069967734946,0.326174130731117,0.31953630149507295,0.06691220539564989,0.03018557696461024,0.08086526073008238,0.08834122402243523,0.10398562738109889,0.4430258308648239,0.500869564065242,0.7255977745534128,0.22189816835739998,0.363429863272995,1.9558971257830993,0.02010347603017465,0.04450915966053315,0.24220159561116716,0,Baseline,0.9999,0.9999,0.0,0.0,0.0001
2025-11-14 11:48:38.464,0.1333897236010654,0.08891419544423688,0.1369206493232419,0.3492165045227695,0.2915589267757696,0.06858385094672899,0.03254705980592875,0.07201649535019414,0.10380634133008469,0.08679806870630204,0.6493848034599987,0.39207953698969317,0.9742118118651425,0.2546105116642172,0.38196854402304675,2.1294005463956913,0.0034022915480284854,0.06549587230032373,0.20122960192365008,0,Baseline,1.0,1.0,0.0,0.0,0.0
2025-11-14 11:48:39.480,0.18267166700709,0.11242131619943876,0.14268892106065112,0.3250160914774296,0.23720200397599056,0.1744031663562953,0.05594984484243201,0.07735275155191745,0.10033564656409638,0.09587599841821726,0.7878769247465534,0.4390210836079455,1.2802090929495007,0.34589460549309353,0.5620388226205324,1.6623714412379043,0.03253296943254579,0.06018697704858196,0.2182404863182968,0,Baseline,1.0,1.0,0.0,0.0,0.0
2025-11-14 11:48:40.463,0.22368496170051178,0.13017691276530702,0.17286978867078556,0.2526940174099291,0.2205743192273205,0.289368109502313,0.1160677886971535,0.13519589876065163,0.07721516951765299,0.08575983205243226,0.7530344442247939,0.6841071411250657,1.2939504958092707,0.5151562706075735,0.8852008256516575,1.2759563609337208,0.05791582514188118,0.04040143256445941,0.2785212514968074,0,Baseline,0.9998,0.9998,0.0,0.0001,0.0001
2025-11-14 11:48:41.456,0.23610862591724913,0.13362638873598964,0.17884161613553076,0.2174297590053684,0.23399360999674662,0.32597261760263,0.14169908722401636,0.1646737239907288,0.07191507181720869,0.09707789581827335,0.747177218321221,0.822525898609197,1.3202106859524974,0.6145726472840541,1.0859075415354902,1.3083844910883347,0.05069761982615377,0.0272996862899626,0.30239461742924145,0,Baseline,0.9995,0.9995,0.0,0.0003,0.0001
2025-11-14 11:48:42.431,0.23861437850286146,0.13021949611974765,0.17744936089049254,0.2226051206578173,0.23111164362151468,0.32098309560985705,0.14252227766399914,0.16306100775210233,0.06706478137775025,0.07695156974186228,0.733840280561539,0.7971485669091024,1.3446899096087246,0.5849797609558137,1.0719176947886846,1.3024089207063922,0.03706628640812925,0.022263460488655483,0.30015449457230886,0,Baseline,0.9995,0.9995,0.0,0.0004,0.0002
2025-11-14 11:48:43.477,0.24778641714434588,0.1373204409512304,0.1843359946592919,0.21835329595435726,0.2122038510843268,0.313264005165664,0.13650901111447059,0.15709946220389254,0.06552857209408766,0.05900111909796136,0.7449463885530103,0.8442097721104528,1.3442106310285358,0.6288910550314026,1.1347958120503157,1.151179616139251,0.05655978465020962,0.037748839240916,0.2985370109624079,0,Baseline,0.9983,0.9983,0.0,0.0014,0.0003
2025-11-14 11:48:44.477,0.25243884336323985,0.14107882043628373,0.18407895708481442,0.2164490128562397,0.20595436605228265,0.31212172360618584,0.13445720115183882,0.15855698871988239,0.06678661826198425,0.06682113812901663,0.7664038030552488,0.8504494714539567,1.3713616898280867,0.6517877446366895,1.1662738876437606,1.118837036701695,0.06296998800998371,0.044471584152019614,0.2995376464467141,0,Baseline,0.9977,0.9977,0.0,0.0019,0.0004
2025-11-14 11:48:45.454,0.239278771753764,0.1309498317801953,0.17110725884060488,0.2133169692714156,0.24534716815145316,0.3092382670967218,0.13601922896089605,0.1607074329497536,0.06548198494383434,0.08887472596082112,0.7653084095578765,0.8021267665847412,1.3984138334687835,0.6138743958753523,1.121705232143362,1.4338792841115742,0.03659392056676486,0.02946082107360106,0.29292498172557924,0,Baseline,0.9997,0.9997,0.0,0.0002,0.0002
2025-11-14 11:48:46.474,0.23336724468099923,0.12937222764640122,0.1683879297043388,0.20811610867971295,0.26075648908641547,0.3119126532378777,0.13677122102577013,0.1620386224138649,0.06787815230462432,0.0921948482002299,0.7682986553167485,0.8091056606888045,1.3858904924589805,0.6216348280332039,1.121331909135531,1.5485461105127865,0.0322030969803676,0.026804322279889894,0.2922964961335891,0,Baseline,0.9998,0.9998,0.0,0.0001,0.0002
2025-11-14 11:48:47.450,0.23807289928221476,0.1479469127485015,0.17852982141504353,0.21608844778070563,0.2193619185611775,0.3003042879776915,0.1475283328705885,0.15949222983870479,0.07151985886695228,0.06649827098198331,0.8286957511574449,0.8261886046510732,1.3335188713013815,0.6846590246788812,1.1017381572680747,1.228712965348677,0.030319320948027112,0.042536292137519555,0.2993417466464605,0,Baseline,0.999,0.999,0.0,0.0007,0.0003
2025-11-14 11:48:48.448,0.2306162803910289,0.1668575464605478,0.17839057865144492,0.22737997971462023,0.19675561455898596,0.2604208589018878,0.16256029956233317,0.14916666509076423,0.07013359394234749,0.08158966256152551,0.9353494919318228,0.7845482747859173,1.292760353191205,0.7338268713529591,1.0142329616624157,1.1029484012938835,0.016024719022910007,0.05491169602850343,0.29394933721175653,0,Baseline,0.9988,0.9988,0.0,0.0009,0.0004
2025-11-14 11:48:49.484,0.23245561117773608,0.16080351082552824,0.15947641913600927,0.23973202811584998,0.2075324305148119,0.2634634684448944,0.1548304405976804,0.13091234164929244,0.054799750038564125,0.08783157694245745,1.0083214911238525,0.6652278118077094,1.4576173572301812,0.6707635411993632,0.9696476658051121,1.3013360760530834,0.01605614281745582,0.0536399728025882,0.26586156885105255,0,Baseline,0.9997,0.9997,0.0,0.0001,0.0002
2025-11-14 11:48:50.460,0.22509758252745934,0.13036741507527494,0.13919468831895784,0.24256840905191476,0.2627719047478279,0.25142897268273784,0.12033156876091149,0.0924800833673989,0.01606090104996224,0.09282205960229535,0.9365831935390555,0.573836812158005,1.617141925992463,0.537445952712309,0.9279756342860268,1.887801101057017,0.03742548785269395,0.047220397610588494,0.21347650035853377,0,Baseline,0.9998,0.9998,0.0,0.0,0.0002
2025-11-14 11:48:51.433,0.22227672453820704,0.10250112331700588,0.11672690861777485,0.2283509708134368,0.3301442723831023,0.20217346437806713,0.08914116376877879,0.045465381671334744,0.03817520282396934,0.09843093879183416,0.8781275521599976,0.5111732307957152,1.9042456287744356,0.44887533634352766,0.9733994736804199,2.8283473623095268,0.05466672761116805,0.04469743045867703,0.14404515128711715,0,Baseline,0.9999,0.9999,0.0,0.0,0.0001
2025-11-14 11:48:52.452,0.25350964159329714,0.10432649392874475,0.09825927760170111,0.21497518949505925,0.3289293970816817,0.20435863289686296,0.08853142504545274,0.032533386886925225,0.054650492152594356,0.09764990069205906,1.0617468992003827,0.45707261969053037,2.580006916200238,0.48529548605509015,1.1792506400214948,3.347565457781592,0.04285619355365943,0.05131569818928668,0.11390860432072744,0,Baseline,1.0,1.0,0.0,0.0,0.0
2025-11-14 11:48:53.474,0.26639851503594136,0.1194865098792297,0.1000322496954873,0.2232901158107097,0.29079260927779976,0.21876139942139425,0.09135126832191802,0.03452930434526846,0.06757413250117203,0.06124240959622404,1.1944797632580126,0.44799226715599544,2.663126034010399,0.5351177507084317,1.1930599889659967,2.906988307202243,0.06465574568375607,0.0800800756936198,0.11930992934336367,0,Baseline,0.9999,0.9999,0.0,0.0,0.0001
2025-11-14 11:48:54.449,0.2409813516545418,0.12346452101227526,0.11698988510274656,0.25524086772785703,0.26332337417548946,0.24701401910590468,0.09852692585825898,0.04281852377916861,0.07435876386653466,0.05040919892403447,1.0553434628165308,0.4583508963931849,2.059847574381527,0.4837176635316057,0.944133062853204,2.2508215256046284,0.07178529974078766,0.0821517858987453,0.15132715339900876,0,Baseline,1.0,1.0,0.0,0.0,0.0
2025-11-14 11:48:55.444,0.17456130897361444,0.09962353800184624,0.13380879568998036,0.30361295873188354,0.2883933982628634,0.1786647567154068,0.08897199973597389,0.06343347292700714,0.08851530853128316,0.07311663194306489,0.7445215394318857,0.4407216076733042,1.3045577088405749,0.3281267543278839,0.5749468137106065,2.1552647210007825,0.03250304528814076,0.04956275524206796,0.19395269337194804,0,Baseline,1.0,1.0,0.0,0.0,0.0
2025-11-14 11:48:56.445,0.1516807567025163,0.11427806010150286,0.1541373503552078,0.3089663220468105,0.27093751044855674,0.11850735348401223,0.12312433221654494,0.10637456897389314,0.09466734747284747,0.07694694146914889,0.7414040297443163,0.4988807334899355,0.9840622439165283,0.36987221016751093,0.4909297258949743,1.7577666428449557,0.00772684504195633,0.04101512062113706,0.24449016173501104,0,Baseline,1.0,1.0,0.0,0.0,0.0
2025-11-14 11:48:57.421,0.1765536784643761,0.17455630867390137,0.15537305375354316,0.27421579056836476,0.21930116820453796,0.14759149864325238,0.21509273977358537,0.13108094583666402,0.073562509032833,0.06174983322069218,1.123465705424894,0.5666086834949071,1.1363210211548007,0.6365654652726065,0.6438493992630432,1.4114490820133356,0.02276777373599785,0.055490095666533165,0.24447970389854615,0,Baseline,0.9998,0.9998,0.0,0.0001,0.0001
2025-11-14 11:48:58.418,0.21863341214824158,0.20891629175256923,0.15400857928281803,0.24415333387623592,0.17428838264113103,0.12027443873619174,0.22678078688569855,0.11809282118508356,0.05183582617383572,0.0486088423615437,1.3565236375804983,0.6307862789742774,1.4196183028905482,0.8556765532503674,0.8954758049886441,1.1316796254855088,0.018396669655583245,0.07285192064333315,0.2295772515124367,0,Baseline,0.9985,0.9985,0.0006,0.0005,0.0004
